index,station_id,latitude,longitude,r,g,b,in_bounds
0,66db4417-0aca-11e7-82f6-3863bb44ef7c,40.70122128,-74.01234218,0,0,0,False
1,66dc0f1b-0aca-11e7-82f6-3863bb44ef7c,40.701907,-74.013942,0,0,0,False
2,c00ef46d-fcde-48e2-afbd-0fb595fe3fa7,40.70188858913366,-74.01089876890182,0,0,0,False
3,1954806962718223342,40.703144,-74.013178,0,0,0,False
4,66dc90d5-0aca-11e7-82f6-3863bb44ef7c,40.70569254,-74.01677685,0,0,0,False
5,66db6da2-0aca-11e7-82f6-3863bb44ef7c,40.70463334,-74.01361706,0,0,0,False
6,66db447a-0aca-11e7-82f6-3863bb44ef7c,40.70365182,-74.01167797,0,0,0,False
7,ff2869f0-4381-4cf3-863e-a0d776ec53b4,40.70336686695866,-74.007867872715,0,0,0,False
8,66db75cc-0aca-11e7-82f6-3863bb44ef7c,40.70355377,-74.00670227,0,0,0,False
9,66dbf667-0aca-11e7-82f6-3863bb44ef7c,40.7047177,-74.00926027,0,0,0,False
10,8ec47777-852d-4059-a5ea-12eef71a9606,40.70469667894968,-74.00803416967392,0,0,0,False
11,7dda8844-60ba-4449-b05c-54c1d14ab5fb,40.705945132708806,-74.01321887969969,0,0,0,False
12,66dbcbbc-0aca-11e7-82f6-3863bb44ef7c,40.70834698,-74.01713445,0,0,0,False
13,1794096824496960148,40.709957,-74.016538,0,0,0,False
14,6067af3d-f7ed-4149-a394-2fc2eb295872,40.70806582380646,-74.0135595202446,0,0,0,False
15,66dbca0f-0aca-11e7-82f6-3863bb44ef7c,40.70717936,-74.00887308,0,0,0,False
16,2039088532741595744,40.70531,-74.00613,0,0,0,False
17,89d4a926-f1ae-4bf2-bf2d-59cff3881579,40.706410755236135,-74.00559738278389,0,0,0,False
18,66db460d-0aca-11e7-82f6-3863bb44ef7c,40.70706456,-74.00731853,0,0,0,False
19,e72f0aec-2293-4636-988c-b9d30df092f8,40.70858894,-74.00935482,0,0,0,False
20,66db3583-0aca-11e7-82f6-3863bb44ef7c,40.70905623,-74.01043382,0,0,0,False
21,3e9e50cc-f336-439f-bd0b-dec5499c038d,40.709267,-74.013247,0,0,0,False
22,3b530cff-dd26-4cfd-b570-a85fd53354fe,40.711444,-74.014847,0,0,0,False
23,66db79a3-0aca-11e7-82f6-3863bb44ef7c,40.711066,-74.009447,0,0,0,False
24,66db7637-0aca-11e7-82f6-3863bb44ef7c,40.70960089363537,-74.00655090808868,0,0,0,False
25,e8df73bd-5d3d-47c9-b04d-bcec4db5540f,40.70838,-74.00495,0,0,0,False
26,014a931b-8e1c-438a-8a22-f267ddd1e0d2,40.7075188830923,-74.00108054280281,0,0,0,False
27,6f484a9d-c535-451e-a18f-f3afdc0a27af,40.71069995,-74.00354147,0,0,0,False
28,66db3898-0aca-11e7-82f6-3863bb44ef7c,40.71146364,-74.00552427,0,0,0,False
29,06439006-11b6-44f0-8545-c9d39035f32a,40.71221958009051,-74.01047229766846,0,0,0,False
30,1989279523593928720,40.71254669463547,-74.01113051087516,0,0,0,False
31,66db8d89-0aca-11e7-82f6-3863bb44ef7c,40.7153379,-74.01658354,0,0,0,False
32,1286480d-5d6d-4a47-9fac-e156dba2b6fc,40.71503,-74.01246,0,0,0,False
33,66dea894-0aca-11e7-82f6-3863bb44ef7c,40.714851505262516,-74.01122331619263,0,0,0,False
34,66dbf73d-0aca-11e7-82f6-3863bb44ef7c,40.71291224,-74.01020234,0,0,0,False
35,18fcd2c1-dc8b-4a52-9f18-e9b9003bbea5,40.71334184275907,-74.00935515761375,0,0,0,False
36,66db3053-0aca-11e7-82f6-3863bb44ef7c,40.71473993,-74.00910627,0,0,0,False
37,66dbe8d6-0aca-11e7-82f6-3863bb44ef7c,40.71273266,-74.0046073,0,0,0,False
38,66db277a-0aca-11e7-82f6-3863bb44ef7c,40.71117416,-74.00016545,0,0,0,False
39,66dc9143-0aca-11e7-82f6-3863bb44ef7c,40.71117444,-73.99682619,0,0,0,False
40,66dbf362-0aca-11e7-82f6-3863bb44ef7c,40.71076228,-73.99400398,0,0,0,False
41,d55dd622-0ced-4e4d-9ea5-2ef2cb6481a9,40.70991806921533,-73.99161100387573,0,0,0,False
42,66db930d-0aca-11e7-82f6-3863bb44ef7c,40.71173107,-73.99193043,0,0,0,False
43,99142ec8-c0e7-47ca-916c-c1097d48e133,40.71310702305908,-73.99446353316307,0,0,0,False
44,1960020540642077008,40.71419,-73.99673,0,0,0,False
45,66db7152-0aca-11e7-82f6-3863bb44ef7c,40.71307916,-73.99851193,0,0,0,False
46,66dbc745-0aca-11e7-82f6-3863bb44ef7c,40.71602118,-73.99974372,0,0,0,True
47,66dbe848-0aca-11e7-82f6-3863bb44ef7c,40.71494807,-74.00234482,0,0,0,False
48,66db90f1-0aca-11e7-82f6-3863bb44ef7c,40.71450451,-74.00562789,0,0,0,False
49,66db2e3a-0aca-11e7-82f6-3863bb44ef7c,40.71625008,-74.0091059,0,0,0,False
50,1b038e21-e199-4c47-bef0-f4bcdc06b73b,40.71703,-74.00925,0,0,0,False
51,66dc0e99-0aca-11e7-82f6-3863bb44ef7c,40.71754834,-74.01322069,0,0,0,False
52,a6492ad5-d13e-48b0-a0d5-08e60ad93e53,40.71759894980997,-74.01587963104248,0,0,0,False
53,66db408f-0aca-11e7-82f6-3863bb44ef7c,40.71870987,-74.0090009,0,0,0,False
54,c1e24edf-7192-433f-8d38-be5b6b3647c5,40.72019521437465,-74.0103006362915,0,0,0,False
55,fa14408f-6e88-4668-86ee-ce10ea707f36,40.719887998,-74.0086269379,0,0,0,False
56,66db269c-0aca-11e7-82f6-3863bb44ef7c,40.71911552,-74.00666661,0,0,0,True
57,66db7a0d-0aca-11e7-82f6-3863bb44ef7c,40.717571,-74.005549,0,0,0,True
58,c2800791-1911-4f2b-8fc7-bed280c557c0,40.71688538495366,-74.00650128722191,0,0,0,True
59,32cc1603-a4b5-4099-b7bf-681de451b04a,40.717411,-73.999573,0,0,0,True
60,66dbf518-0aca-11e7-82f6-3863bb44ef7c,40.7158155,-73.99422366,0,0,0,True
61,66db6889-0aca-11e7-82f6-3863bb44ef7c,40.71406667,-73.99293911,0,0,0,False
62,1e3a16ff-65ba-4d34-b3c6-37aff44e085a,40.71332151208186,-73.99009689688683,0,0,0,False
63,66db6f2e-0aca-11e7-82f6-3863bb44ef7c,40.71427487,-73.98990025,0,0,0,False
64,66db9cc4-0aca-11e7-82f6-3863bb44ef7c,40.71269042,-73.98776323,0,0,0,False
65,f833d403-2cf5-424a-a3b3-0314a44b4a67,40.711471394469264,-73.98672603070736,0,0,0,False
66,66db64d1-0aca-11e7-82f6-3863bb44ef7c,40.713126,-73.984844,0,0,0,False
67,66db93a1-0aca-11e7-82f6-3863bb44ef7c,40.71219906,-73.97948148,0,0,0,False
68,66dc76cd-0aca-11e7-82f6-3863bb44ef7c,40.714211,-73.981095,0,0,0,False
69,8cb0375d-bcb2-4c90-9773-41c3c8fdf8d8,40.715118719964956,-73.98417055606842,0,0,0,True
70,2098714441479661752,40.71573792143338,-73.98698994965027,0,0,0,True
71,66db728c-0aca-11e7-82f6-3863bb44ef7c,40.7172274,-73.98802084,1,18,34,True
72,1960020817312746312,40.71606,-73.99191,3,0,0,True
73,063e7e78-b810-4a2f-8045-a82a0d69d752,40.717318403855785,-73.99067759513855,1,174,240,True
74,9e3603ee-2b7d-4147-a7b5-48bbd778902c,40.71779817737835,-73.99316132068634,0,0,16,True
75,66dc86d9-0aca-11e7-82f6-3863bb44ef7c,40.71893904,-73.99266288,1,174,240,True
76,8ea09819-cd88-4732-b047-c0549f0b370f,40.719383,-73.991479,1,174,240,True
77,66dbf062-0aca-11e7-82f6-3863bb44ef7c,40.72019576,-73.98997825,1,18,34,True
78,66dc3ab9-0aca-11e7-82f6-3863bb44ef7c,40.72110063,-73.9919254,1,174,240,True
79,66db72f1-0aca-11e7-82f6-3863bb44ef7c,40.722055,-73.989111,4,16,38,True
80,66db4671-0aca-11e7-82f6-3863bb44ef7c,40.72229346,-73.99147535,1,175,238,True
81,66de85d2-0aca-11e7-82f6-3863bb44ef7c,40.718822,-73.99596,0,0,0,True
82,9e5fd5b6-c5f2-4694-9406-a44b7d0146d9,40.72054,-73.9949,1,174,240,True
83,66db4158-0aca-11e7-82f6-3863bb44ef7c,40.72317958,-73.99480012,0,178,230,True
84,66db479e-0aca-11e7-82f6-3863bb44ef7c,40.71910537,-73.99973337,0,0,0,True
85,f54ad1f8-fe58-49ac-82ae-b742aec66829,40.72028,-73.99879,0,0,0,True
86,66db2fd0-0aca-11e7-82f6-3863bb44ef7c,40.722103786686034,-73.99724900722504,0,0,5,True
87,66db4351-0aca-11e7-82f6-3863bb44ef7c,40.71939226,-74.00247214,0,0,0,True
88,66dc91b5-0aca-11e7-82f6-3863bb44ef7c,40.72170005235607,-74.00238141417502,0,0,0,True
89,66db6d40-0aca-11e7-82f6-3863bb44ef7c,40.72362738,-73.99949601,0,0,0,True
90,53e30d38-a110-42b4-a8f9-ca801a847ac7,40.72511734422387,-73.99930492043495,255,207,1,True
91,7d5fa1f0-4069-4d5d-b735-5d500597394a,40.72323,-74.00314,0,0,0,True
92,19d17911-1e4a-41fa-b62b-719aa0a6182e,40.7197920901383,-74.0052238852195,0,0,0,True
93,66db402c-0aca-11e7-82f6-3863bb44ef7c,40.72185379,-74.00771779,0,0,0,False
94,66de867e-0aca-11e7-82f6-3863bb44ef7c,40.721319,-74.010065,0,0,0,False
95,9b0c2c99-214f-4e15-b476-1626c03a9e4e,40.72231,-74.0106,0,0,0,False
96,66db8fde-0aca-11e7-82f6-3863bb44ef7c,40.72405549,-74.00965965,0,0,0,False
98,33c533cd-5f0e-4c15-a00a-6a2bf1e2d077,40.72583996792375,-74.0076532959938,0,0,0,False
99,90c35466-db3c-4b0d-993e-6e92883773b4,40.72431,-74.00473,0,0,0,True
100,bde94a25-6089-4490-af3a-8cc5702230b8,40.72494672359416,-74.00165855884552,0,0,0,True
101,66ddbdb1-0aca-11e7-82f6-3863bb44ef7c,40.7277140777778,-74.01129573583603,0,0,0,False
102,66dbbeda-0aca-11e7-82f6-3863bb44ef7c,40.728846,-74.008591,0,0,0,False
103,61647ec6-dfd6-4d1c-8800-d488d390c627,40.72789701409023,-74.00536268949507,0,0,0,True
104,66db2afe-0aca-11e7-82f6-3863bb44ef7c,40.72710258,-74.00297088,0,0,0,True
105,af72781c-fe0b-4b73-a7df-201f9780ea9c,40.726378,-74.000472,251,208,4,True
106,66db40ef-0aca-11e7-82f6-3863bb44ef7c,40.72456089,-73.99565293,255,255,255,True
107,9394fb49-583f-4426-8d2f-a2b0ffb584d2,40.720747,-73.986274,1,18,34,True
108,66dbc7d2-0aca-11e7-82f6-3863bb44ef7c,40.71622644,-73.98261206,0,0,0,True
109,66dba0ba-0aca-11e7-82f6-3863bb44ef7c,40.71739973,-73.98016555,0,0,0,True
110,66db9e99-0aca-11e7-82f6-3863bb44ef7c,40.71782143,-73.97628939,0,0,0,False
111,66dbc37a-0aca-11e7-82f6-3863bb44ef7c,40.71850211,-73.98329859,0,0,0,True
112,66dbefee-0aca-11e7-82f6-3863bb44ef7c,40.71926081,-73.98178024,0,0,0,True
113,66dbf442-0aca-11e7-82f6-3863bb44ef7c,40.72066442,-73.98517977,0,18,38,True
115,66db2f4c-0aca-11e7-82f6-3863bb44ef7c,40.7208736,-73.98085795,0,0,0,True
116,66db6aae-0aca-11e7-82f6-3863bb44ef7c,40.72217444,-73.98368779,0,0,2,True
117,93e2e1a5-49c5-41f8-a6bf-b399b6a5140d,40.72307749068673,-73.98583620786667,1,18,34,True
118,7b0227aa-bbf5-4731-a49a-765b4afac483,40.72335597960796,-73.98864984512329,0,141,1,True
119,66dbf140-0aca-11e7-82f6-3863bb44ef7c,40.72502876,-73.99069656,0,141,1,True
120,4168e5a4-c7ec-4045-bfc8-84ac5edbe845,40.72486122254819,-73.99213135242462,0,141,1,True
121,412c1416-d15b-4e6a-9691-da4c3cc0d0d2,40.72615604980408,-73.99510189890862,255,255,255,True
122,66ddd369-0aca-11e7-82f6-3863bb44ef7c,40.72706363348306,-73.99662137031554,255,207,1,True
123,b6a4770e-9077-4a0e-a0fb-b45b1d457559,40.72840059450829,-73.99968780577183,255,207,1,True
124,66dbce8a-0aca-11e7-82f6-3863bb44ef7c,40.73038599,-74.00214988,0,141,1,True
125,549b5bc4-b949-4eeb-8ffb-2215e1e49892,40.73115,-74.00887,0,0,0,False
126,4e862dc1-0652-4f29-a26f-315d763df67d,40.73191132323174,-74.008769094944,0,0,0,False
128,66dbc8f5-0aca-11e7-82f6-3863bb44ef7c,40.73291553,-74.00711384,0,0,0,False
129,66db2a71-0aca-11e7-82f6-3863bb44ef7c,40.73172428,-74.00674436,0,0,0,True
130,c466f15e-715f-411e-904e-1a71fb574cdd,40.73213896287381,-74.00363802909851,0,0,0,True
131,66db9845-0aca-11e7-82f6-3863bb44ef7c,40.73047747,-73.99906065,255,207,1,True
132,66db3273-0aca-11e7-82f6-3863bb44ef7c,40.72917025,-73.99810231,255,207,1,True
133,1934749166596673908,40.72980619180496,-73.99546380915461,254,254,255,True
134,66db9675-0aca-11e7-82f6-3863bb44ef7c,40.72903917,-73.99404649,255,207,1,True
135,66db3a1e-0aca-11e7-82f6-3863bb44ef7c,40.72743423,-73.99379025,255,207,1,True
136,d8778570-f7f2-458d-82f5-9ad39210a501,40.72769,-73.990993,206,192,15,True
137,66dc176f-0aca-11e7-82f6-3863bb44ef7c,40.7262807,-73.98978041,0,141,1,True
138,66dc0f8a-0aca-11e7-82f6-3863bb44ef7c,40.72467721,-73.98783413,0,141,1,True
139,0096fecb-3a56-4585-9204-aa9554f7bc49,40.72479007746337,-73.98430064320564,237,26,35,True
140,edc9b877-c311-46b4-a780-59ee7e692324,40.723346832180155,-73.98265913128853,0,0,0,True
141,66dbec40-0aca-11e7-82f6-3863bb44ef7c,40.72299208,-73.97995466,0,0,0,True
142,66db6cd4-0aca-11e7-82f6-3863bb44ef7c,40.72082834,-73.97793172,0,0,0,True
143,66dbf4ac-0aca-11e7-82f6-3863bb44ef7c,40.72228087,-73.97668709,0,0,0,False
144,66db46d7-0aca-11e7-82f6-3863bb44ef7c,40.72368361,-73.97574813,0,0,0,False
145,eb6c2359-4825-4bf4-8f2d-8b6dd2bf4212,40.72412944090093,-73.97901266813278,0,0,0,True
146,66db76a1-0aca-11e7-82f6-3863bb44ef7c,40.72453734,-73.98185424,0,0,0,True
147,645e4365-653f-48ce-bc15-5fcc287be56f,40.7251285241158,-73.98131668567657,0,0,0,True
148,66dc10d1-0aca-11e7-82f6-3863bb44ef7c,40.72621788,-73.98379855,0,0,0,True
149,c37931bb-8571-4671-a9a8-f3cf23897680,40.72633085971696,-73.98616880178452,255,207,1,True
150,3edec530-4791-4872-8912-2a2397a903a4,40.727378693232225,-73.98840844631195,255,207,1,True
151,66dc1702-0aca-11e7-82f6-3863bb44ef7c,40.72779126,-73.98564945,255,207,1,True
152,66db3ba0-0aca-11e7-82f6-3863bb44ef7c,40.7284186,-73.98713956,255,207,1,True
153,66ddd545-0aca-11e7-82f6-3863bb44ef7c,40.72951496224949,-73.99075269699097,238,23,2,True
154,66db65aa-0aca-11e7-82f6-3863bb44ef7c,40.73020660529954,-73.99102628231049,238,23,2,True
155,66ddb6d9-0aca-11e7-82f6-3863bb44ef7c,40.73143724085228,-73.99490341544151,255,255,255,True
156,a82599ce-99ca-4670-8053-baada198034a,40.73275887045087,-73.99581670761108,255,255,255,True
157,66db41bf-0aca-11e7-82f6-3863bb44ef7c,40.73226398,-73.99852205,255,255,255,True
158,66dbcf18-0aca-11e7-82f6-3863bb44ef7c,40.73224119,-74.00026394,0,141,1,True
159,66dbe571-0aca-11e7-82f6-3863bb44ef7c,40.73401143,-74.00293877,0,0,0,True
160,66db3fc9-0aca-11e7-82f6-3863bb44ef7c,40.73535398,-74.00483091,0,0,0,True
161,7e70b65e-00c1-40d5-984d-17232a4ee05e,40.73498,-74.00697,0,0,0,True
162,66db3cab-0aca-11e7-82f6-3863bb44ef7c,40.7361967,-74.00859207,0,0,0,False
163,66dbf215-0aca-11e7-82f6-3863bb44ef7c,40.739323,-74.008119,0,0,0,False
164,29ced315-14b5-4edc-bef2-665316dfe3dd,40.73752993301071,-74.00558933615685,0,0,0,True
165,66dbbc4a-0aca-11e7-82f6-3863bb44ef7c,40.73652889,-74.00618026,0,0,0,True
166,00d3e65e-b614-4408-aaa9-939ed96ce645,40.735918,-74.000939,1,174,240,True
167,66dbe68e-0aca-11e7-82f6-3863bb44ef7c,40.735238,-74.000271,1,174,240,True
168,66db4282-0aca-11e7-82f6-3863bb44ef7c,40.73532427,-73.99800419,1,174,240,True
169,66db5f40-0aca-11e7-82f6-3863bb44ef7c,40.73331967,-73.99510132,255,255,255,True
170,0f45bcf6-7028-4584-a51e-4129847dbebc,40.732647,-73.99011,253,193,6,True
171,66dc481a-0aca-11e7-82f6-3863bb44ef7c,40.73223272,-73.98889957,255,207,1,True
172,a4368364-fa79-493c-8478-1d3471a6077f,40.73127,-73.98849,255,207,1,True
173,348c5e65-cbc3-4da6-9856-fc253a0ba546,40.73153937464073,-73.9853024482727,0,0,0,True
174,aa8fc8b7-b66c-41d9-9885-30b8af599378,40.72970805644994,-73.9865979552269,255,207,1,True
175,66db8ca4-0aca-11e7-82f6-3863bb44ef7c,40.72953837,-73.98426726,0,0,0,True
176,d9160982-2d9b-4f08-9469-a559a7b62809,40.72966729392978,-73.98067966103554,0,0,0,True
177,ca4795a2-6ab3-4597-bf59-f0155ac1637c,40.72854745023944,-73.98175925016403,0,0,0,True
178,66dc1beb-0aca-11e7-82f6-3863bb44ef7c,40.72740794,-73.98142006,0,0,0,True
179,99d149f9-ad40-461e-beea-fcbf086f9b5a,40.72746420692392,-73.97950418293476,0,0,0,True
180,3ac7b47b-2253-4a0b-bf7d-8a2eb6b78a38,40.727243,-73.976831,0,0,0,False
181,66dbecd0-0aca-11e7-82f6-3863bb44ef7c,40.72521311,-73.97768752,0,0,0,True
182,a0eec052-257a-4c79-8171-6e2ad9864ad0,40.72506551015475,-73.97515833377838,0,0,0,False
183,66db9c2e-0aca-11e7-82f6-3863bb44ef7c,40.72580614,-73.97422494,0,0,0,False
184,66dc7ba2-0aca-11e7-82f6-3863bb44ef7c,40.72938685,-73.97772429,0,0,0,True
185,0dc63044-e19c-474d-9df1-c3e504d03b07,40.72984830346529,-73.97455215454102,0,0,0,False
186,c7ffe3fa-9cd6-4d35-9060-7d5822381442,40.733208626522426,-73.9756813647,0,0,0,False
187,2053884382031338034,40.736,-73.97605,0,0,0,False
188,cc7b86cf-a2fb-4738-b967-de7b197dc930,40.73031071000895,-73.98047178983688,0,0,0,True
189,e2fc6d90-8deb-4e21-961d-9d5208c1f986,40.73139303364151,-73.98286700248718,0,0,0,True
190,66dc7802-0aca-11e7-82f6-3863bb44ef7c,40.73221853,-73.98165557,0,0,0,True
191,66dc8f1f-0aca-11e7-82f6-3863bb44ef7c,40.733812191966315,-73.98054420948029,0,0,0,True
192,66dc8c90-0aca-11e7-82f6-3863bb44ef7c,40.736502,-73.97809472,0,0,0,True
193,66db34fc-0aca-11e7-82f6-3863bb44ef7c,40.7381765,-73.97738662,0,0,0,True
194,66dc9223-0aca-11e7-82f6-3863bb44ef7c,40.739445,-73.976806,0,0,0,False
195,66dc89ae-0aca-11e7-82f6-3863bb44ef7c,40.74144387,-73.97536082,0,0,0,False
196,61c82689-3f4c-495d-8f44-e71de8f04088,40.74322681432173,-73.97449783980846,0,0,0,False
197,1893622839585237496,40.74299,-73.97711,0,0,0,True
198,cdb6e2aa-4da3-4ed7-9b13-ce626addf6b0,40.741723510974715,-73.97809267044067,0,0,0,True
199,66dc7957-0aca-11e7-82f6-3863bb44ef7c,40.73912601,-73.97973776,0,0,0,True
200,6ff2eec8-2b72-490a-b1c3-f9892ab3a724,40.73716919369882,-73.98122549057007,0,0,0,True
201,66dc259a-0aca-11e7-82f6-3863bb44ef7c,40.73587678,-73.98205027,0,0,0,True
202,55f6b830-e43e-4227-bfc7-683465236d94,40.73431166276575,-73.98372530937195,0,0,0,True
203,66db6963-0aca-11e7-82f6-3863bb44ef7c,40.734232,-73.986923,0,0,0,True
204,647a2a80-9630-41b0-9b91-1f464b0bf3cc,40.735367055605394,-73.98797392845154,0,0,0,True
205,66db8c10-0aca-11e7-82f6-3863bb44ef7c,40.73624527,-73.98473765,0,0,0,True
206,66dc7773-0aca-11e7-82f6-3863bb44ef7c,40.73827428,-73.98751968,0,0,0,True
207,876683ce-9bce-4fad-8d1c-6b331fa07b5c,40.73795,-73.98509,0,0,0,True
208,66dc8a3d-0aca-11e7-82f6-3863bb44ef7c,40.74025878,-73.98409214,0,0,0,True
209,66dc6a86-0aca-11e7-82f6-3863bb44ef7c,40.74096374,-73.98602213,0,0,0,True
210,7c7cb750-6613-48a4-bfae-9240968f1fad,40.74069317733043,-73.98160636425018,0,0,0,True
211,454b4a83-d0b1-42a2-8163-261e2a9d6ab9,40.741459,-73.983293,0,0,0,True
212,06109e92-4363-445a-9743-0457f6799530,40.742684734875695,-73.98671329021454,0,0,0,True
213,e6c2a46e-431a-4101-af84-870f660ff4cb,40.74275179648995,-73.9847157150507,0,0,0,True
214,66dc8bfd-0aca-11e7-82f6-3863bb44ef7c,40.74311555376486,-73.98215353488922,0,0,0,True
215,66dc3e89-0aca-11e7-82f6-3863bb44ef7c,40.74394314,-73.97966069,0,0,0,True
216,66dc8d1d-0aca-11e7-82f6-3863bb44ef7c,40.74444921,-73.98303529,0,0,0,True
217,66dc3a1a-0aca-11e7-82f6-3863bb44ef7c,40.7457121,-73.98194829,0,0,0,False
218,5c3c345d-1975-400d-a9d8-18815816886e,40.7459849,-73.98629487,0,0,0,False
219,daefc84c-1b16-4220-8e1f-10ea4866fdc7,40.74286877312112,-73.98918628692627,0,0,0,True
220,5f7ac86c-1a98-4603-8749-4bb83ac84acd,40.739888408589955,-73.98958593606949,0,0,0,True
221,3d340fc5-8c86-4d5e-974d-ae28958e61e8,40.73972989238724,-73.99103969335556,0,0,0,True
222,1975518133370609774,40.73829,-73.99006,0,0,0,True
223,1975518396279321266,40.737006,-73.990134,0,0,0,True
224,66db6387-0aca-11e7-82f6-3863bb44ef7c,40.73454567,-73.99074142,238,23,2,True
225,b30815c0-99b6-451b-be15-902992cb8abb,40.734814,-73.992085,237,26,35,True
226,eafa19ed-88c2-4efc-bd73-3961f85b6063,40.735445,-73.99431,237,26,35,True
227,1963272613486484230,40.736592,-73.992949,237,26,35,True
228,66dc741f-0aca-11e7-82f6-3863bb44ef7c,40.73726186,-73.99238967,237,26,35,True
229,09dfc0e3-a448-477c-bb3c-9467dc51ef8d,40.738046142482766,-73.99642959237099,130,106,144,True
230,66db33fc-0aca-11e7-82f6-3863bb44ef7c,40.73971301,-73.99456405,237,26,35,True
231,66dc120f-0aca-11e7-82f6-3863bb44ef7c,40.74173969,-73.99415556,0,0,0,True
232,66dc2995-0aca-11e7-82f6-3863bb44ef7c,40.74395411,-73.99144871,0,0,0,True
233,1794096976946852066,40.74526,-73.99062,0,0,0,False
234,1960021358478625244,40.74665,-73.99392,0,0,0,False
235,66dc1c5c-0aca-11e7-82f6-3863bb44ef7c,40.74487634,-73.99529885,0,0,0,True
236,66db95e5-0aca-11e7-82f6-3863bb44ef7c,40.74238787,-73.99726235,0,0,0,True
237,2e74ea1d-02a0-47bf-9665-dce2d65de8d7,40.740564236339516,-73.99852573871613,0,0,0,True
238,66dc462a-0aca-11e7-82f6-3863bb44ef7c,40.73935542,-73.99931783,0,0,0,True
239,66db3816-0aca-11e7-82f6-3863bb44ef7c,40.73781509,-73.99994661,1,174,240,True
240,66db631c-0aca-11e7-82f6-3863bb44ef7c,40.7390169121,-74.0026376103,0,0,0,True
241,1827839088308194240,40.73937600789778,-74.00520807425661,0,0,0,True
242,0c923abb-298a-4a47-b132-9fae73cc59e6,40.74005708567285,-74.0052741765976,0,0,0,True
243,e8a6c13b-1f6e-4e6b-bdf8-9b0e597e4a62,40.740983,-74.001702,0,0,0,True
244,66db28b5-0aca-11e7-82f6-3863bb44ef7c,40.74177603,-74.00149746,0,0,0,True
245,66dc36c3-0aca-11e7-82f6-3863bb44ef7c,40.74345335,-74.00004031,0,0,0,True
246,66dc209c-0aca-11e7-82f6-3863bb44ef7c,40.74475148,-73.99915362,0,0,0,True
247,1d440638-ec50-4ccb-9a82-0e3247a87c63,40.74591072834279,-73.99807110428809,0,0,0,False
248,1804892772559499512,40.74649996333341,-73.99732626293645,0,0,0,False
249,9e9acfaf-0bbf-4bc2-a825-b2befb6bee55,40.747968,-73.996637,0,0,0,False
250,39f756c2-3904-463e-95a8-8d8e3540e845,40.747832605837715,-74.0005722643582,0,0,0,False
251,66dc7a7d-0aca-11e7-82f6-3863bb44ef7c,40.7454973,-74.00197139,0,0,0,False
252,73b403cf-86fd-4f93-a484-5cb06a2abeea,40.7435337324616,-74.00367558002472,0,0,0,True
253,66dc11a7-0aca-11e7-82f6-3863bb44ef7c,40.74317449,-74.00366443,0,0,0,True
254,116dbc02-a3c1-4b65-9f73-2a09a2aa1379,40.741981599940225,-74.00831580162048,0,0,0,False
255,2527619f-ef89-425c-bf3b-60cc0ec519bf,40.742753828659026,-74.00747358798981,0,0,0,False
256,66db3606-0aca-11e7-82f6-3863bb44ef7c,40.74334935,-74.00681753,0,0,0,True
257,55ccb271-7035-422e-bee1-20e84caa0217,40.745686,-74.005141,0,0,0,False
258,66dc24b8-0aca-11e7-82f6-3863bb44ef7c,40.746745,-74.007756,0,0,0,False
259,1929504694747056164,40.746872,-74.00821,0,0,0,False
260,66dc2606-0aca-11e7-82f6-3863bb44ef7c,40.74691959,-74.00451887,0,0,0,False
261,66dbe96d-0aca-11e7-82f6-3863bb44ef7c,40.749717753,-74.002950346,0,0,0,False
262,66dc51e9-0aca-11e7-82f6-3863bb44ef7c,40.75066386,-74.00176802,0,0,0,False
263,66dc22a7-0aca-11e7-82f6-3863bb44ef7c,40.751396,-74.005226,0,0,0,False
264,e51c8b72-460f-41c2-a5ca-de85d3f46a30,40.752694,-74.002353,0,0,0,False
265,66dc7c31-0aca-11e7-82f6-3863bb44ef7c,40.7500727,-73.99839279,0,0,0,False
266,66dc4bd9-0aca-11e7-82f6-3863bb44ef7c,40.7462009,-73.98855723,0,0,0,False
267,66dc840f-0aca-11e7-82f6-3863bb44ef7c,40.74765947,-73.98490707,0,0,0,False
268,2637fed8-1e2a-460b-83eb-3eb32ace0f4e,40.74848023448579,-73.98255586624146,0,0,0,False
269,93c28953-7e65-436e-9c5a-9d7ca0e3729f,40.747573958954796,-73.9788007736206,0,0,0,False
270,66dc7659-0aca-11e7-82f6-3863bb44ef7c,40.744219,-73.97121214,0,0,0,False
271,1917312704757770810,40.746202,-73.971822,0,0,0,False
272,de0c1800-f7cc-41b4-ab7a-c9d219180d06,40.749498546025194,-73.97729203113158,0,0,0,False
273,66dc7f02-0aca-11e7-82f6-3863bb44ef7c,40.751581,-73.97791,0,0,0,False
274,c638ec67-9ac0-416f-944f-619926144931,40.750756,-73.978326,0,0,0,False
275,66dc4b4c-0aca-11e7-82f6-3863bb44ef7c,40.75038009,-73.98338988,0,0,0,False
276,66db30e0-0aca-11e7-82f6-3863bb44ef7c,40.752062307,-73.9816324043,0,0,0,False
277,66dc78c4-0aca-11e7-82f6-3863bb44ef7c,40.74901271,-73.98848395,0,0,0,False
278,547cdccc-7864-4898-97c9-8798d924ef54,40.74964,-73.98805,0,0,0,False
279,66db473c-0aca-11e7-82f6-3863bb44ef7c,40.75097711,-73.98765428,0,0,0,False
280,66dbcb2f-0aca-11e7-82f6-3863bb44ef7c,40.75172632,-73.98753523,0,0,0,False
281,341730d7-a61d-499d-8c07-fa015f644e54,40.75227093837409,-73.98770570755005,0,0,0,False
282,0fde06c2-632c-46a9-8866-f4e855604f74,40.7529728216068,-73.98734897375107,0,0,0,False
283,d7c56fef-1bf9-4315-85af-8638c534b402,40.752149,-73.989539,0,0,0,False
284,66dbe4db-0aca-11e7-82f6-3863bb44ef7c,40.749156,-73.9916,0,0,0,False
285,c5861c24-5ac1-41df-82f1-31748d03e868,40.74964702898657,-73.99506707345266,0,0,0,False
286,66ddbd20-0aca-11e7-82f6-3863bb44ef7c,40.7505853470215,-73.9946848154068,0,0,0,False
287,66dc686c-0aca-11e7-82f6-3863bb44ef7c,40.75156757136795,-73.99376901480953,0,0,0,False
288,96e72113-3681-4d19-88bb-032e76720093,40.752762088742045,-73.99280458705107,0,0,0,False
289,8d097a6d-f17c-4195-9dd4-42527b371c71,40.75461,-73.99177,0,0,0,False
290,3b52be68-9123-46a9-bb45-f0d0646a5a81,40.756403523272496,-73.99410143494606,0,0,0,False
291,833bc8bc-3c32-4481-9c14-9a88aa7accec,40.75462324029105,-73.99516761302948,0,0,0,False
292,05c5e17c-7aa9-49b7-9da3-9db4858ec1fc,40.75414519263519,-73.9960889518261,0,0,0,False
293,1869743938848725856,40.752568,-73.996765,0,0,0,False
294,e3470e29-934c-41f1-8fe7-82135ed2d620,40.753773368360385,-73.99937599897385,0,0,0,False
295,a47f77a2-9008-4652-a4f1-b95eee723a1b,40.754691750226016,-73.99740189313889,0,0,0,False
296,cb05443c-e68e-48f7-8d17-35353fa19d4d,40.75516719072139,-74.00059908628464,0,0,0,False
297,66dc8382-0aca-11e7-82f6-3863bb44ef7c,40.75594159,-74.0021163,0,0,0,False
298,88c1303b-3349-4591-bf08-c7e40cf3537a,40.75676475086503,-73.99971440439913,0,0,0,False
299,66dc7d58-0aca-11e7-82f6-3863bb44ef7c,40.76087502,-74.00277668,0,0,0,False
300,66dc41bb-0aca-11e7-82f6-3863bb44ef7c,40.76030096,-73.99884222,0,0,0,False
301,66dc1d80-0aca-11e7-82f6-3863bb44ef7c,40.75660359,-73.9979009,0,0,0,False
302,66dda55f-0aca-11e7-82f6-3863bb44ef7c,40.75898481399634,-73.99379968643188,0,0,0,False
303,66dc85bb-0aca-11e7-82f6-3863bb44ef7c,40.7575699,-73.99098507,0,0,0,False
304,66dc3f08-0aca-11e7-82f6-3863bb44ef7c,40.75640548,-73.9900262,0,0,0,False
305,f72a253f-3cef-4da8-9591-0cbd3a692162,40.754818,-73.988154,0,0,0,False
306,66dc292c-0aca-11e7-82f6-3863bb44ef7c,40.75513557,-73.98658032,0,0,0,False
307,2098714657799221362,40.754969801754676,-73.98468096052407,0,0,0,False
308,2af3ecc3-4f43-468a-a7cc-bb4804ee3e7a,40.75354681867074,-73.97896572947502,0,0,0,False
309,66dc8025-0aca-11e7-82f6-3863bb44ef7c,40.751873,-73.977706,0,0,0,False
310,1e226f22-034f-4b99-8184-a8eaa591fbd8,40.752643,-73.974996,0,0,0,False
311,66dc17df-0aca-11e7-82f6-3863bb44ef7c,40.75255434,-73.97282625,0,0,0,False
312,66dea8ff-0aca-11e7-82f6-3863bb44ef7c,40.75118387463277,-73.97138714790344,0,0,0,False
313,66dca5f3-0aca-11e7-82f6-3863bb44ef7c,40.75022392,-73.97121414,0,0,0,False
314,1984510483573713186,40.7487575,-73.970127,0,0,0,False
315,66dc2172-0aca-11e7-82f6-3863bb44ef7c,40.75001986,-73.96905301,0,0,0,False
316,66dc7e75-0aca-11e7-82f6-3863bb44ef7c,40.75206862,-73.96784384,0,0,0,False
317,66db32fb-0aca-11e7-82f6-3863bb44ef7c,40.75323098,-73.97032517,0,0,0,False
318,66dc210e-0aca-11e7-82f6-3863bb44ef7c,40.75455731,-73.96592976,0,0,0,False
319,632b140c-65de-4f50-9cc2-c001ae011aea,40.755293,-73.967641,0,0,0,False
320,0138452a-b9f4-4aee-80b0-7fae9a122ffe,40.756265,-73.964179,0,0,0,False
321,66ddb66e-0aca-11e7-82f6-3863bb44ef7c,40.75892386377695,-73.96226227283478,0,0,0,False
322,2bf9addc-038b-48fe-8794-dde085c5e5dc,40.759125,-73.962658,0,0,0,False
323,66db6e49-0aca-11e7-82f6-3863bb44ef7c,40.76095756,-73.96724467,0,0,0,False
324,66dc28bd-0aca-11e7-82f6-3863bb44ef7c,40.75934501,-73.96759673,0,0,0,False
325,66dbe7b6-0aca-11e7-82f6-3863bb44ef7c,40.75797322,-73.96603308,0,0,0,False
326,66dbcdfc-0aca-11e7-82f6-3863bb44ef7c,40.75828065,-73.97069431,0,0,0,False
327,66dea7b5-0aca-11e7-82f6-3863bb44ef7c,40.75763227739443,-73.96930575370789,0,0,0,False
328,66dc81ce-0aca-11e7-82f6-3863bb44ef7c,40.75714758,-73.97207836,0,0,0,False
329,66db3997-0aca-11e7-82f6-3863bb44ef7c,40.7546011026,-73.971878855,0,0,0,False
330,66dbc982-0aca-11e7-82f6-3863bb44ef7c,40.75510267,-73.97498696,0,0,0,False
331,1903998756008763590,40.755393,-73.977601,0,0,0,False
332,66dd9fa6-0aca-11e7-82f6-3863bb44ef7c,40.75724567911726,-73.97805914282799,0,0,0,False
334,70634bc4-4d90-42d4-8f6a-3f29fa8f7f77,40.757334,-73.974235,0,0,0,False
335,821b19c1-ab13-4482-9580-770288a377a7,40.75863,-73.97513,0,0,0,False
336,66dc80b4-0aca-11e7-82f6-3863bb44ef7c,40.75992262,-73.97648516,0,0,0,False
337,67f60e7e-397a-4e47-b7f9-d10bd67133b3,40.75973805251143,-73.97811613976955,0,0,0,False
338,66dc21d4-0aca-11e7-82f6-3863bb44ef7c,40.7597108,-73.97402311,0,0,0,False
339,6fd61eee-d0ef-4580-9704-bd06b82bcb61,40.761573,-73.972628,0,0,0,False
340,66dea6e1-0aca-11e7-82f6-3863bb44ef7c,40.76302594280519,-73.97209525108337,0,0,0,False
341,66dbc551-0aca-11e7-82f6-3863bb44ef7c,40.76340613,-73.97722479,0,0,0,False
342,581d8683-c217-4f96-89cb-b5a94d780b83,40.763189,-73.978434,0,0,0,False
343,1791472201147965920,40.761865,-73.977242,0,0,0,False
344,66de8a86-0aca-11e7-82f6-3863bb44ef7c,40.76132983124814,-73.97982001304626,0,0,0,False
345,66dc7b10-0aca-11e7-82f6-3863bb44ef7c,40.7606597,-73.98042047,0,0,0,False
346,2104286315955915532,40.758154,-73.981957,0,0,0,False
347,904930bd-2671-4695-9c1a-8a894b041129,40.756951,-73.982631,0,0,0,False
348,66dc48ef-0aca-11e7-82f6-3863bb44ef7c,40.75500254,-73.98014437,0,0,0,False
349,66dc82ef-0aca-11e7-82f6-3863bb44ef7c,40.75527307,-73.98316936,0,0,0,False
350,66dca682-0aca-11e7-82f6-3863bb44ef7c,40.75929124,-73.98859651,0,0,0,False
351,66dc42a0-0aca-11e7-82f6-3863bb44ef7c,40.76019252,-73.9912551,0,0,0,False
352,490ca6cc-c2a2-4838-acf0-4704ed60dc51,40.76153045158114,-73.99007007479668,0,0,0,False
353,64f0f28c-bedc-42d5-b107-ecdd48fc30cd,40.76017739537783,-73.98486793041229,0,0,0,False
354,053312f2-e77e-4674-b28b-ad357fbcb4ee,40.76171227910671,-73.98655101656914,0,0,0,False
355,66dc1e55-0aca-11e7-82f6-3863bb44ef7c,40.76227205,-73.98788205,0,0,0,False
356,b442a648-e9f4-4893-951a-64d258bc0e55,40.763604677958625,-73.98917958140373,0,0,0,False
357,2004153375425087884,40.76167,-73.98256,0,0,0,False
358,66dc2c78-0aca-11e7-82f6-3863bb44ef7c,40.76344058,-73.98268129,0,0,0,False
359,66dc1d0c-0aca-11e7-82f6-3863bb44ef7c,40.76370739,-73.9851615,0,0,0,False
360,1198e739-787c-4ce4-aa63-ffaf98506e9c,40.764126,-73.980973,0,0,0,False
361,66dc2bc5-0aca-11e7-82f6-3863bb44ef7c,40.7652654,-73.98192338,0,0,0,False
362,c042a307-2d7d-4ee9-95b7-a7505a3428c2,40.765959181657976,-73.98313522338867,0,0,0,False
363,66dc2238-0aca-11e7-82f6-3863bb44ef7c,40.76695317,-73.98169333,0,0,0,False
364,1888015107269225164,40.76604,-73.98737,0,0,0,False
365,88e64257-298c-4b8d-8886-77b9b66dcec1,40.764734200065185,-73.99194359779358,0,0,0,False
366,66dc73b0-0aca-11e7-82f6-3863bb44ef7c,40.76269882,-73.99301222,0,0,0,False
367,66dc7de9-0aca-11e7-82f6-3863bb44ef7c,40.76009437,-73.99461843,0,0,0,False
368,2c321ea3-e1dd-4d32-be70-bd158fe1f568,40.762009,-73.996975,0,0,0,False
369,66dc79e6-0aca-11e7-82f6-3863bb44ef7c,40.76341379,-73.99667444,0,0,0,False
370,66dc4334-0aca-11e7-82f6-3863bb44ef7c,40.76669671,-73.99061728,0,0,0,False
371,66db237e-0aca-11e7-82f6-3863bb44ef7c,40.76727216,-73.99392888,0,0,0,False
372,1f872052-38c4-4701-96c4-c363de51c2b5,40.768333,-73.992573,0,0,0,False
373,66dc7cc3-0aca-11e7-82f6-3863bb44ef7c,40.768254,-73.988639,0,0,0,False
374,66dc864c-0aca-11e7-82f6-3863bb44ef7c,40.77149671054441,-73.99046033620834,0,0,0,False
375,66dc0dab-0aca-11e7-82f6-3863bb44ef7c,40.770513,-73.988038,0,0,0,False
376,1937777808143497236,40.76931,-73.98464,0,0,0,False
377,b94cc90e-9ca2-4471-8371-23be051e0157,40.7667405590595,-73.9790689945221,0,0,0,False
378,66dc9068-0aca-11e7-82f6-3863bb44ef7c,40.76590936,-73.97634151,0,0,0,False
379,1964061627836181486,40.764555,-73.973473,0,0,0,False
380,1967778612889039234,40.764752828526326,-73.97037800510203,0,0,0,False
381,1960020234227886806,40.76313,-73.96527,0,0,0,False
382,66dd4356-0aca-11e7-82f6-3863bb44ef7c,40.7612274,-73.96094022,0,0,0,False
383,66dca6f4-0aca-11e7-82f6-3863bb44ef7c,40.759107,-73.959223,0,0,0,False
384,199ea9dd-8f7e-4e05-a730-55edaacd8787,40.763954,-73.9646,0,0,0,False
385,66dd4051-0aca-11e7-82f6-3863bb44ef7c,40.766368,-73.971518,0,0,0,False
386,66de2707-0aca-11e7-82f6-3863bb44ef7c,40.76471851944339,-73.96222069859505,0,0,0,False
387,66dd42eb-0aca-11e7-82f6-3863bb44ef7c,40.76500525,-73.95818491,0,0,0,False
388,66dd491c-0aca-11e7-82f6-3863bb44ef7c,40.76663814,-73.95348296,0,0,0,False
389,66de2556-0aca-11e7-82f6-3863bb44ef7c,40.7689738,-73.95482273,0,0,0,False
390,14391923-6727-4359-92e9-03e0b5094753,40.77095553869235,-73.95356208096926,0,0,0,False
391,66dd470b-0aca-11e7-82f6-3863bb44ef7c,40.7728384,-73.94989233,0,0,0,False
392,66de2201-0aca-11e7-82f6-3863bb44ef7c,40.7724607,-73.9468208,0,0,0,False
393,66dd4981-0aca-11e7-82f6-3863bb44ef7c,40.77518615,-73.94446054,0,0,0,False
394,66dde3b1-0aca-11e7-82f6-3863bb44ef7c,40.7779453,-73.946041,0,0,0,False
395,66dded11-0aca-11e7-82f6-3863bb44ef7c,40.7817212,-73.94594,0,0,0,False
396,66ddef96-0aca-11e7-82f6-3863bb44ef7c,40.7839636,-73.9471673,0,0,0,False
397,66ddebce-0aca-11e7-82f6-3863bb44ef7c,40.7859201,-73.94860294,0,0,0,False
398,66de10a8-0aca-11e7-82f6-3863bb44ef7c,40.7862586,-73.94552579,0,0,0,False
399,66de186f-0aca-11e7-82f6-3863bb44ef7c,40.7869946,-73.94164802,0,0,0,False
400,66de4594-0aca-11e7-82f6-3863bb44ef7c,40.7892529,-73.93956237,0,0,0,False
401,0b613329-b8c8-4b8c-ad40-79952aa41157,40.7923272,-73.9383,0,0,0,False
402,566935d6-4d66-4b42-9822-f2a816e357b9,40.7945663,-73.9362541,0,0,0,False
403,1960021056359127624,40.79499,-73.93333,0,0,0,False
404,20ff5447-eac3-43b7-820f-f6fa3a2e12a8,40.7974772,-73.9311847,0,0,0,False
405,bb07a569-cc74-439e-b424-916c0304f136,40.802554,-73.933509,0,0,0,False
406,97bcf094-ad77-4743-9c94-832c7300c090,40.805631,-73.934077,0,0,0,False
407,38975061-0d90-43a3-87c1-8905b374d5d9,40.806414,-73.936085,0,0,0,False
408,5f63411c-91ce-4788-a567-d388cc812a15,40.805726,-73.936322,0,0,0,False
409,66880044-5411-4143-af39-eaa0a0fd0528,40.8045555,-73.9396861,0,0,0,False
410,16a4effc-282e-4053-b47b-31f734d50c08,40.8029263,-73.9379,0,0,0,False
411,625711ba-3b5d-46a7-a8f9-7f4eb17ec1be,40.8006721,-73.9349,0,0,0,False
412,bacfe3c2-7946-45ed-91f9-f5b91791de75,40.80295,-73.942954,0,0,0,False
413,d9bc0b3e-1af8-4cb6-a082-8ef1245ef329,40.8013066,-73.9398167,0,0,0,False
414,d3f51f51-7e51-4c75-8600-d76916608707,40.8014866,-73.9442507,0,0,0,False
415,7a15d81b-357e-42e0-b208-93ffd562fd63,40.8005385,-73.9419949,0,0,0,False
416,e73cf71b-db05-44f9-b57a-689d65320d68,40.799139,-73.9389152,0,0,0,False
417,1958457675193833900,40.797459,-73.934499,0,0,0,False
418,9b7e3b8b-97ef-4038-820c-7cd1c1a34fc7,40.796879,-73.937261,0,0,0,False
419,b976906e-81c4-44c5-a160-e17815c0d47b,40.7989445,-73.944846,0,0,0,False
420,bf317efc-13f1-42be-8243-373a29354033,40.797911,-73.9423,0,0,0,False
421,594b4656-9d83-4301-8967-3b92c126531c,40.795508,-73.941606,0,0,0,False
422,c05cd2e2-74e8-4526-a62b-d631e005fdd8,40.7954121,-73.9441232,0,0,0,False
423,1835618878584115330,40.79338,-73.94329,0,0,0,False
424,66de43a5-0aca-11e7-82f6-3863bb44ef7c,40.7934337,-73.94945003,0,0,0,False
425,66de677e-0aca-11e7-82f6-3863bb44ef7c,40.791976,-73.945993,0,0,0,False
426,66de2131-0aca-11e7-82f6-3863bb44ef7c,40.7922553,-73.95249933,0,0,0,False
427,66de1f7f-0aca-11e7-82f6-3863bb44ef7c,40.7904828,-73.95033068,0,0,0,False
428,66de2a00-0aca-11e7-82f6-3863bb44ef7c,40.7903051,-73.94755757,0,0,0,False
429,1938139112487078732,40.78864,-73.9436,0,0,0,False
430,66de13dc-0aca-11e7-82f6-3863bb44ef7c,40.78948541553215,-73.95242929458618,0,0,0,False
431,66de0933-0aca-11e7-82f6-3863bb44ef7c,40.7877214,-73.94728331,0,0,0,False
432,66dde76a-0aca-11e7-82f6-3863bb44ef7c,40.78813,-73.95206,0,0,0,False
433,66de0dfd-0aca-11e7-82f6-3863bb44ef7c,40.787801,-73.953559,0,0,0,False
434,66de0861-0aca-11e7-82f6-3863bb44ef7c,40.7849032,-73.950503,0,0,0,False
435,1813395029173762108,40.785851052913884,-73.95482444378061,0,0,0,False
436,66dde559-0aca-11e7-82f6-3863bb44ef7c,40.7835016,-73.955327,0,0,0,False
437,66dde630-0aca-11e7-82f6-3863bb44ef7c,40.782454175279874,-73.9489196240902,0,0,0,False
438,66ddea2a-0aca-11e7-82f6-3863bb44ef7c,40.781152764279156,-73.94963040947914,0,0,0,False
439,b9720921-8170-43ea-a5ae-b61b9161eb49,40.78232260730881,-73.95987510681152,0,0,0,False
440,66dde103-0aca-11e7-82f6-3863bb44ef7c,40.781410700190015,-73.95595908164978,0,0,0,False
441,66dde208-0aca-11e7-82f6-3863bb44ef7c,40.7806284,-73.9521667,0,0,0,False
442,66dde2d9-0aca-11e7-82f6-3863bb44ef7c,40.778301,-73.9488134,0,0,0,False
443,66dd46a2-0aca-11e7-82f6-3863bb44ef7c,40.77536905,-73.94803392,0,0,0,False
444,66dd45c7-0aca-11e7-82f6-3863bb44ef7c,40.77565541,-73.95068615,0,0,0,False
445,66dd455e-0aca-11e7-82f6-3863bb44ef7c,40.77801203,-73.95407149,0,0,0,False
446,66dd448f-0aca-11e7-82f6-3863bb44ef7c,40.77862688,-73.95772073,0,0,0,False
447,66de1f17-0aca-11e7-82f6-3863bb44ef7c,40.7781314,-73.96069399,0,0,0,False
448,66dd4423-0aca-11e7-82f6-3863bb44ef7c,40.77677702,-73.9590097,0,0,0,False
449,1884599469785421928,40.775744,-73.9563752,0,0,0,False
450,66ddb41c-0aca-11e7-82f6-3863bb44ef7c,40.77391390238118,-73.9543953537941,0,0,0,False
451,66de2274-0aca-11e7-82f6-3863bb44ef7c,40.7727966,-73.95577801,0,0,0,False
452,66dd3fc3-0aca-11e7-82f6-3863bb44ef7c,40.77112927,-73.95772297,0,0,0,False
453,66dd4841-0aca-11e7-82f6-3863bb44ef7c,40.77314236,-73.95856158,0,0,0,False
454,66de27da-0aca-11e7-82f6-3863bb44ef7c,40.773763,-73.96222088,0,0,0,False
455,66dd43bd-0aca-11e7-82f6-3863bb44ef7c,40.77632142182271,-73.96427392959595,0,0,0,False
456,66dd40dd-0aca-11e7-82f6-3863bb44ef7c,40.77282817,-73.96685276,0,0,0,False
457,66dd41ef-0aca-11e7-82f6-3863bb44ef7c,40.77118287540658,-73.96409422159195,0,0,0,False
458,66de269c-0aca-11e7-82f6-3863bb44ef7c,40.7699426,-73.96060712,0,0,0,False
459,e36b5913-8e46-4c2a-b9be-73bdf8ee548b,40.7687620293096,-73.95840793848038,0,0,0,False
460,1882824287789509296,40.76879,-73.9614,0,0,0,False
461,66dd3d7f-0aca-11e7-82f6-3863bb44ef7c,40.76712840349542,-73.96224617958069,0,0,0,False
462,66dd9b0f-0aca-11e7-82f6-3863bb44ef7c,40.76780080148132,-73.96592080593109,0,0,0,False
463,66de1a1f-0aca-11e7-82f6-3863bb44ef7c,40.76800889305947,-73.96845281124115,0,0,0,False
464,66de1bc3-0aca-11e7-82f6-3863bb44ef7c,40.7691572,-73.96703464,0,0,0,False
465,72196024-6f2b-45cb-9764-609911c7dc0b,40.77003010255044,-73.9819684624672,0,0,0,False
466,66dd49eb-0aca-11e7-82f6-3863bb44ef7c,40.77163851,-73.98261428,0,0,0,False
467,2f656bc4-7743-4326-8330-a22bd41d9d17,40.77237,-73.99005,0,0,0,False
468,b0cc08dc-e7dd-48d1-8901-ba496f3ff2f5,40.77515953434235,-73.98918695747852,0,0,0,False
469,66dd51e6-0aca-11e7-82f6-3863bb44ef7c,40.777507027547976,-73.98888587951659,0,0,0,False
470,66de1a8a-0aca-11e7-82f6-3863bb44ef7c,40.7746671,-73.98470567,0,0,0,False
471,66dd4a52-0aca-11e7-82f6-3863bb44ef7c,40.77492513,-73.98266566,0,0,0,False
472,66dd4bf7-0aca-11e7-82f6-3863bb44ef7c,40.7734066,-73.97782542,0,0,0,False
473,66dd4ccc-0aca-11e7-82f6-3863bb44ef7c,40.77579376683666,-73.9762057363987,0,0,0,False
474,66dd4c5f-0aca-11e7-82f6-3863bb44ef7c,40.7770575,-73.97898475,0,0,0,False
475,66dd52c8-0aca-11e7-82f6-3863bb44ef7c,40.77748046,-73.98288594,0,0,0,False
476,66dd4d70-0aca-11e7-82f6-3863bb44ef7c,40.78057799010334,-73.98562431335449,0,0,0,False
477,66dd515d-0aca-11e7-82f6-3863bb44ef7c,40.7785669,-73.97754961,0,0,0,False
478,66dd4de9-0aca-11e7-82f6-3863bb44ef7c,40.77966809007312,-73.98093044757842,0,0,0,False
479,66dd5407-0aca-11e7-82f6-3863bb44ef7c,40.78414472,-73.98362492,0,0,0,False
480,66dd4b91-0aca-11e7-82f6-3863bb44ef7c,40.78339981,-73.98093133,0,0,0,False
481,66de1c33-0aca-11e7-82f6-3863bb44ef7c,40.7829391,-73.9786517,0,0,0,False
482,66dd4b2b-0aca-11e7-82f6-3863bb44ef7c,40.7801839724239,-73.97728532552719,0,0,0,False
483,66dd4ac1-0aca-11e7-82f6-3863bb44ef7c,40.77896784,-73.97374737,0,0,0,False
484,66dd9213-0aca-11e7-82f6-3863bb44ef7c,40.78275,-73.97137,0,0,0,False
485,50575cba-95ac-4134-9da1-3eec8253afc4,40.78476,-73.969862,0,0,0,False
486,66dd4f31-0aca-11e7-82f6-3863bb44ef7c,40.78499979,-73.97283406,0,0,0,False
487,66dd4f9b-0aca-11e7-82f6-3863bb44ef7c,40.78524672,-73.97667321,0,0,0,False
488,1833865926273309136,40.78621,-73.9756,0,0,0,False
489,66dd4ec7-0aca-11e7-82f6-3863bb44ef7c,40.78720869,-73.98128127,0,0,0,False
490,66dde271-0aca-11e7-82f6-3863bb44ef7c,40.789622,-73.97757,0,0,0,False
491,66dde197-0aca-11e7-82f6-3863bb44ef7c,40.78839,-73.9747,0,0,0,False
492,66dde079-0aca-11e7-82f6-3863bb44ef7c,40.7882213,-73.97041561,0,0,0,False
493,a93cb1ec-fb37-4faf-a7e7-d1e5a9e9af95,40.788664991278836,-73.96680057048798,0,0,0,False
494,2143247416766638978,40.790431,-73.965894,0,0,0,False
495,66dde845-0aca-11e7-82f6-3863bb44ef7c,40.7919557,-73.968087,0,0,0,False
496,1960019951675478680,40.79018,-73.97289,0,0,0,False
497,66dde4ef-0aca-11e7-82f6-3863bb44ef7c,40.7921,-73.9739,0,0,0,False
498,66de871c-0aca-11e7-82f6-3863bb44ef7c,40.79313480986663,-73.97700369358063,0,0,0,False
499,66ddeaff-0aca-11e7-82f6-3863bb44ef7c,40.7941654,-73.974124,0,0,0,False
500,66ddede1-0aca-11e7-82f6-3863bb44ef7c,40.7937704,-73.971888,0,0,0,False
501,50e05a9f-dce6-4315-a10d-1fa786fc18ee,40.79249519495111,-73.96417066463071,0,0,0,False
502,66de099d-0aca-11e7-82f6-3863bb44ef7c,40.795,-73.9645,0,0,0,False
503,7d41ac98-df88-497a-aef9-968660e6da0f,40.79558954105342,-73.96188408136368,0,0,0,False
504,66dde8ac-0aca-11e7-82f6-3863bb44ef7c,40.7969347,-73.9643412291,0,0,0,False
505,66de17f7-0aca-11e7-82f6-3863bb44ef7c,40.7973721,-73.97041192,0,0,0,False
506,ab5585c8-c2cf-4bab-96cf-d02eced4f6e3,40.799041392882984,-73.96649479866028,0,0,0,False
507,66de1af4-0aca-11e7-82f6-3863bb44ef7c,40.8008363,-73.9664492472,0,0,0,False
508,66de0bcb-0aca-11e7-82f6-3863bb44ef7c,40.8013434,-73.9711457439,0,0,0,False
509,66de20c8-0aca-11e7-82f6-3863bb44ef7c,40.8021174,-73.9681805305,0,0,0,False
510,66de12ff-0aca-11e7-82f6-3863bb44ef7c,40.7997568,-73.9621128676,0,0,0,False
511,66de077f-0aca-11e7-82f6-3863bb44ef7c,40.7981856,-73.9605909006,0,0,0,False
512,0f51cb84-e386-44ac-947f-a969f7617d17,40.797520781247556,-73.9489397406578,0,0,0,False
513,0e003543-3656-448f-8a93-029d265f2e26,40.7987859,-73.9523,0,0,0,False
514,66de2625-0aca-11e7-82f6-3863bb44ef7c,40.799484,-73.955613,0,0,0,False
515,46bdd925-fb6c-4654-85d8-e0db4da62abf,40.801694,-73.957145,0,0,0,False
516,4d79bdb9-7c35-4d35-9f6e-3c1b849c453a,40.802692,-73.96295,0,0,0,False
517,66de3fde-0aca-11e7-82f6-3863bb44ef7c,40.804213,-73.96699104,0,0,0,False
518,5b4a90b8-426d-4a40-a7ca-87e51d690883,40.805973,-73.964928,0,0,0,False
519,8e631be4-1e0c-4627-a261-18f0003d0ba2,40.8082,-73.9641,0,0,0,False
520,7efcb97f-6c8f-4445-86a9-3f758a822f17,40.8067581,-73.9607082,0,0,0,False
521,ca4e4962-2169-4559-8f60-b05ab7809750,40.8038654,-73.9559308,0,0,0,False
522,760ebaea-f7c7-45ad-aa3b-395d97adcf8f,40.802535,-73.9532423,0,0,0,False
523,897e8739-ee1d-4b2e-b151-ad7e64e87697,40.8011939,-73.9500739,0,0,0,False
524,dc8223ad-4108-40a8-9ff5-35e8490b4077,40.8025566,-73.9490782,0,0,0,False
525,668ef22c-4665-4f42-bf6a-ab9e8a2899b1,40.804038,-73.945925,0,0,0,False
526,1d130e43-0408-4423-bb52-77a08372cefa,40.80722,-73.9418,0,0,0,False
527,c63a83a0-bda1-40a6-835b-f82c363543b9,40.80756,-73.939182,0,0,0,False
528,1ec7ef9f-ab60-4a64-821d-883ba547273a,40.810224,-73.937195,0,0,0,False
529,4780d9d1-b886-4e72-9d18-cb152f73e10a,40.815484,-73.935856,0,0,0,False
530,a4d041fd-c5fa-4f52-800c-25d7a661a875,40.81449,-73.936153,0,0,0,False
531,023127f2-a6e0-4fae-ba34-178acccb993e,40.812191,-73.937838,0,0,0,False
532,dad39e68-53f5-47c2-87e2-b1cc0e34f90f,40.81014,-73.93973,0,0,0,False
533,7e36cd9b-b271-42e5-b344-b7a3771c795e,40.808442,-73.9452087,0,0,0,False
534,138094a0-cd7d-4014-9b21-4fb2afd3980e,40.804372,-73.951475,0,0,0,False
535,b55f9b55-7fa7-4f0f-9732-78cbe07452e1,40.8078316,-73.949373,0,0,0,False
536,18eccc71-66be-4e4c-8335-095a9bf0df94,40.809495347779475,-73.94776493310928,0,0,0,False
537,14f928c6-9a51-40a2-b7e6-a74e8b351dbf,40.8107922,-73.9430681,0,0,0,False
538,b7d7543b-74ac-4a48-a3c4-412f9ffbc727,40.81296,-73.941878,0,0,0,False
539,ecb2eebe-67c0-43b8-baae-71abb1a0ec6a,40.813619,-73.939336,0,0,0,False
540,bd1760ad-3af3-4ede-9bd7-c8fbf46d7192,40.817245,-73.938787,0,0,0,False
541,fe65853e-b20a-4250-9677-2aa177283b72,40.819783,-73.936521,0,0,0,False
542,b0bac4ef-bb57-4598-a433-75c281170d5b,40.821111,-73.935971,0,0,0,False
543,1b962833-d769-418e-b1ef-5a183bb5eb1a,40.825289,-73.936232,0,0,0,False
544,0b94cc1e-2327-4679-99d9-3b21ddc02051,40.826406,-73.937948,0,0,0,False
545,298d4e45-c6d2-45f1-a07a-11606026a6e4,40.82281,-73.937413,0,0,0,False
546,1064b4b0-e9c8-4139-ac48-f118305dbe69,40.820877,-73.939249,0,0,0,False
547,d0b87aa7-7e19-40d2-8f7d-6a622e6ac391,40.819241,-73.941057,0,0,0,False
548,65a1b09d-560d-46bf-8f5d-7f59471a587e,40.81695971032464,-73.9422959089279,0,0,0,False
549,01839a78-f228-4706-8f7f-147b857492f2,40.813539,-73.94521,0,0,0,False
550,b79bb851-130f-473d-83fc-f602aa0a4ca9,40.812346,-73.946168,0,0,0,False
551,bfea6c5b-2e1a-42c5-8199-2ded6042d57b,40.8125511,-73.9492286,0,0,0,False
552,dd8627c8-4190-4a30-8758-e77a7b010437,40.8114323,-73.9518776,0,0,0,False
553,dccaeeb5-c53a-4f48-80e6-05675b71a8c8,40.809725,-73.953149,0,0,0,False
554,0f6fd186-656a-41b3-ba4a-456d22da177c,40.805159,-73.954692,0,0,0,False
555,1b00fb53-da32-4b14-9a9a-84a391c8951c,40.8086249,-73.9596214,0,0,0,False
556,bb32aad7-8308-4ff8-b073-d5b518ffdd09,40.8109494,-73.9634,0,0,0,False
557,32d3adc3-c3dd-4a97-a4db-95d467f3c3aa,40.8120562,-73.9612547,0,0,0,False
558,d80c274e-d17d-4a00-9b76-274c9fe4d0e1,40.81028506306003,-73.95736455917358,0,0,0,False
559,23539f3b-fb83-4f34-b8b8-9f1f37b5e646,40.81,-73.9551508,0,0,0,False
560,7f8cb36a-2bf4-4d57-afbd-331310f25355,40.813358,-73.956461,0,0,0,False
561,bc5235a5-7f10-4a27-806e-9c25fa700959,40.8143256,-73.9590255,0,0,0,False
562,f15ccc6e-5a7c-46e7-b505-0bfc9cae3d83,40.814394437915816,-73.95324736833572,0,0,0,False
563,324e55da-fec0-43a2-b622-27774381ab7f,40.816355,-73.954295,0,0,0,False
564,26599393-b967-44a6-a998-cb72ca53cd9e,40.817555,-73.957163,0,0,0,False
565,eab2749b-2f79-4797-a0a6-0579b27e6929,40.818299,-73.960405,0,0,0,False
566,22ab59a8-0af4-4101-9350-a7af88e37c2e,40.820003,-73.959089,0,0,0,False
567,a1112e04-bc50-4782-b3d6-bb5902c0e8db,40.8190344,-73.956156,0,0,0,False
568,16280b32-7e5b-4a18-930b-212eac10faaa,40.818212,-73.955277,0,0,0,False
569,648e09b6-95c2-40d3-9dac-a43f22eccf38,40.816234,-73.948222,0,0,0,False
570,44fa161f-eb62-459b-b53e-da83788cfa2a,40.818215,-73.950988,0,0,0,False
571,b371c432-b682-412f-9b85-8df84ce7a9f3,40.818477,-73.947568,0,0,0,False
572,dad3b7df-ec40-4d54-bfdb-5e82be84d742,40.81900581806558,-73.94476890563965,0,0,0,False
573,bc512527-7863-48d5-aea8-3de470abc1ee,40.820681,-73.945144,0,0,0,False
574,2cd651e7-1e3a-4cd9-8fd1-a2416e032f6e,40.821294,-73.947868,0,0,0,False
575,7f6674c4-5568-4766-b172-0385348ae184,40.819746,-73.951819,0,0,0,False
576,563389a0-d90f-4155-9c50-528459df26aa,40.82182,-73.95353,0,0,0,False
577,c8060816-b4aa-4fd9-bc66-af28bf61dc87,40.822756,-73.951346,0,0,0,False
578,01a1343d-9c7b-4a83-8a5a-a600187f19c4,40.823168,-73.955857,0,0,0,False
579,fe6f022b-7fdb-44fe-80bb-cbfc500959bf,40.824013,-73.954743,0,0,0,False
580,9c1c3499-1b11-471f-b59a-87d9e27e15c5,40.824686,-73.951947,0,0,0,False
581,ccaadb70-6c87-4ccc-9914-a3167bd1bc0e,40.827305,-73.951989,0,0,0,False
582,4f814d78-5d8d-458b-877e-2ca449b865be,40.829114,-73.950426,0,0,0,False
583,1d8e51b0-8131-4c1f-93fb-f04952c157c0,40.826969,-73.949738,0,0,0,False
584,bb0ce308-e5d9-48c7-9f4b-cf0120f2c39a,40.825244,-73.947257,0,0,0,False
585,0ddb965d-95ef-4ce3-bde6-81a56ac1fbd2,40.823498,-73.94386,0,0,0,False
586,943be327-0320-4ae1-8eb0-8a56f86a4fb6,40.823061,-73.941928,0,0,0,False
587,c229f0ca-bdd1-4aa0-8906-a3e809e12889,40.825125,-73.941616,0,0,0,False
588,361dd964-db79-47dd-b044-eac88c735249,40.826881,-73.941427,0,0,0,False
589,8f1fdf4b-ecca-4f03-b04c-e10fe596e2c7,40.827212,-73.942722,0,0,0,False
590,54df610f-0e47-4958-98ca-37bb1b1c4dca,40.82831,-73.942924,0,0,0,False
591,85b77b8d-32b8-4049-a407-64319916e2c5,40.829523,-73.944279,0,0,0,False
592,3134c2d4-b090-4eb8-ab44-6f9622098f72,40.827075,-73.945909,0,0,0,False
593,ab79da3d-f92a-42de-a76d-e05b5d7e724c,40.831327,-73.946665,0,0,0,False
594,4aa6bb27-b76b-444e-a3ce-6fb25b822494,40.832164,-73.949702,0,0,0,False
595,1929513834381415014,40.834097985815255,-73.94834974194816,0,0,0,False
596,1859438049977968878,40.83402740143528,-73.94510813442648,0,0,0,False
597,058ee86d-ce2a-4597-99f7-f78f082b33e3,40.832314,-73.94102,0,0,0,False
598,26217b73-7bb5-46e6-8094-1db05becd617,40.832081,-73.942386,0,0,0,False
599,f6c33f22-d650-4935-a928-fb693a828b5f,40.830663,-73.941323,0,0,0,False
600,676b7b4d-b1c0-4c97-8ac3-5fe665e51108,40.830476,-73.939929,0,0,0,False
601,0183d7d4-9e11-4429-94db-666a31239871,40.82923,-73.936996,0,0,0,False
602,ce95fbdd-b7d2-46fc-910d-5c170e4b7610,40.830702,-73.936371,0,0,0,False
603,c6c10756-ef41-491a-8e6c-ee0aa27b8cbe,40.833303,-73.939326,0,0,0,False
604,b83b2a73-af8e-4b82-b61e-aeaaf075fbe2,40.834468,-73.939865,0,0,0,False
605,36aaebb9-ef10-41a5-b20b-753bf8a3fed8,40.835798,-73.937496,0,0,0,False
606,bc9c9006-3d40-400d-8b5c-17f56e6dfcee,40.83618,-73.939789,0,0,0,False
607,344b52b0-73a9-4fe3-9132-23d0502dc0ae,40.835775,-73.9434,0,0,0,False
608,1927314940904608224,40.83719,-73.9466,0,0,0,False
609,59af018a-2ee9-489a-b445-bb6fba9c1119,40.839278,-73.945446,0,0,0,False
610,95a52ce4-3597-47d1-8d6f-427cb3b8ca6a,40.84004,-73.942939,0,0,0,False
611,912813fc-fde4-4430-8443-a4fa21477e7f,40.839137,-73.941409,0,0,0,False
612,5dc8ddac-979e-4ae5-b879-3670cca7482d,40.838191,-73.936085,0,0,0,False
613,5adcaaaf-5386-441d-827c-8d65c4f4405e,40.839443,-73.937044,0,0,0,False
614,9e014047-d675-418b-a03c-84d974a25134,40.84089603193041,-73.93972098827362,0,0,0,False
615,7d455e9a-20b4-4b03-8248-0d982fdfa21b,40.84210236102173,-73.9422395825386,0,0,0,False
616,d73e26de-8534-4b46-a321-3cae295ef9b2,40.842941,-73.938631,0,0,0,False
617,3c73cc9f-3c09-4ac4-a4ea-22b4f027bf23,40.842173,-73.935111,0,0,0,False
618,18a2cbb6-91f2-4393-82fb-b40a8ba90f20,40.844044,-73.933651,0,0,0,False
619,3bf69f3e-23f6-4abe-b5fe-dabe6b0ea066,40.846052,-73.937648,0,0,0,False
620,6b60bf55-3da4-439a-bde1-fc80be8623ba,40.84522,-73.940493,0,0,0,False
621,61bc2467-aa8c-4386-ba9e-3f01120bd6b8,40.848282,-73.941343,0,0,0,False
622,d4c34830-972f-4cd1-81bb-071df209d065,40.85168,-73.94186,0,0,0,False
623,c9c09ed0-0a52-4d6a-a999-b0848874e51f,40.852252,-73.937854,0,0,0,False
624,2436e886-dc53-47cb-8733-d663f9dcd922,40.849972,-73.938423,0,0,0,False
625,774c5443-d463-42b3-bfc5-b0ab3c56fe35,40.848467,-73.936064,0,0,0,False
626,08b9c491-a589-4e75-996c-2455c26fb356,40.847305,-73.933291,0,0,0,False
627,ceb179f3-89c3-4c3e-8a0a-3415406a9463,40.847396,-73.931205,0,0,0,False
628,6a52ceae-3b97-487a-9438-de844bfbf1c2,40.84925,-73.93022,0,0,0,False
629,d45b62b9-7d6b-43b2-bf1e-2c898c55dfd2,40.851113,-73.928808,0,0,0,False
630,e35494b4-5811-4d2a-87de-4430e56bce2d,40.85318758861975,-73.92715752124786,0,0,0,False
631,c829b6af-002b-4d04-af56-6924d4ad0aa2,40.854788,-73.929513,0,0,0,False
632,0df3a035-5a38-4ec2-826a-0a5376e8d8a0,40.852253,-73.931308,0,0,0,False
633,d8e02e7b-632b-4fbe-95b9-80efa47473e3,40.852538,-73.93441,0,0,0,False
634,b4974d89-932c-4a9f-a264-2ea0cf70613e,40.855331,-73.937878,0,0,0,False
635,24509e46-a0de-47e8-ba40-9441da68952a,40.856906,-73.935662,0,0,0,False
636,8d650b03-920d-4d44-a48f-8d9a1a0ba264,40.85648733523576,-73.93296986818314,0,0,0,False
637,2546c9b9-5b1a-4e9f-a9cc-f8b986b79748,40.857994,-73.932173,0,0,0,False
638,dc34ba4c-d8e5-4674-a02e-210c950c05c1,40.859166,-73.933872,0,0,0,False
639,c0df5c09-2c07-4689-9fe8-36ed81301d7d,40.85715781391904,-73.92717361450195,0,0,0,False
640,c9cd8c29-7f0b-4979-9a0e-bec4613d2600,40.85589030603889,-73.92708241939545,0,0,0,False
641,f0115d11-c678-4274-8bb7-d486dbb63361,40.85890447538412,-73.9230939745903,0,0,0,False
642,3d68a3fd-91da-49e8-9cd5-69b333863789,40.86012,-73.928489,0,0,0,False
643,579e583e-60ab-4f2a-83d0-fabebddfcd0f,40.862058,-73.929719,0,0,0,False
644,18d980e5-ba08-4bc3-832e-03eb71865768,40.865364,-73.92791,0,0,0,False
645,59b747c1-fbfb-4a3d-9394-8d06834d7c98,40.863124,-73.926994,0,0,0,False
646,a33a2d11-33a5-46ad-a086-5698ac17b7b4,40.861382,-73.925591,0,0,0,False
647,e1a3f2f9-618f-4727-b2d6-676e02aadf17,40.861281970750994,-73.921417593956,0,0,0,False
648,fbaffdbd-dab5-4127-9bd5-36bf58093ea8,40.86169883507865,-73.91855701804161,0,0,0,False
649,a5bd1f58-7df8-4df6-9636-372f1bc194be,40.864632,-73.918598,0,0,0,False
650,99b7c9a5-9679-417f-b884-21c4b240aa99,40.862638,-73.92006,0,0,0,False
651,23bc4d9b-1ec2-45fb-9228-e41517346b24,40.862562,-73.922661,0,0,0,False
652,0e82ab9f-8c93-4302-b9df-342f8135a05c,40.863211,-73.920827,0,0,0,False
653,3c21925c-d68e-497c-b501-982d3eb3e852,40.866141,-73.922648,0,0,0,False
654,4f57360d-a4cb-4568-b74a-f3086ccaee2e,40.867505,-73.926363,0,0,0,False
655,89ff4db3-8a29-4565-a366-6fea4b3afc39,40.867357,-73.92936,0,0,0,False
656,53ef19c6-eaa7-47f7-807e-f51b574b1be0,40.868846,-73.931537,0,0,0,False
657,8456b63c-37c6-49a6-8c02-bb6dcfc35041,40.869898661940454,-73.92076313495636,0,0,0,False
658,943a1a27-1328-4823-8945-28d845280383,40.86788,-73.919685,0,0,0,False
659,f8c242cd-da59-4f0e-afd6-832bbdd7d328,40.86709406268147,-73.9172950387001,0,0,0,False
660,158e7752-27e2-4912-be0b-eb15405aa096,40.86932465640094,-73.91519755125046,0,0,0,False
661,3c6c0d12-80dd-4c49-b7c5-e3549588b8cf,40.87139,-73.914318,0,0,0,False
662,28a2436d-a52b-4fa4-874c-e096012a926d,40.871094,-73.911503,0,0,0,False
663,6bc5598a-9eb8-44d2-adc0-d93b93af1924,40.872412,-73.912807,0,0,0,False
664,30d6520e-b612-4240-a9ff-eec12b02b263,40.873054589370895,-73.91837194561958,0,0,0,False
