index,station_id,matched_name,latitude,longitude
0,66db4417-0aca-11e7-82f6-3863bb44ef7c,South St & Whitehall St,40.70122128,-74.01234218
1,66dc0f1b-0aca-11e7-82f6-3863bb44ef7c,Bus Slip & State St,40.701907,-74.013942
2,c00ef46d-fcde-48e2-afbd-0fb595fe3fa7,South St & Broad St,40.70188858913366,-74.01089876890182
3,1954806962718223342,Pearl St & Whitehall St,40.703144,-74.013178
4,66dc90d5-0aca-11e7-82f6-3863bb44ef7c,Little West St & 1 Pl,40.70569254,-74.01677685
5,66db6da2-0aca-11e7-82f6-3863bb44ef7c,Broadway & Battery Pl,40.70463334,-74.01361706
6,66db447a-0aca-11e7-82f6-3863bb44ef7c,Broad St & Bridge St,40.70365182,-74.01167797
7,ff2869f0-4381-4cf3-863e-a0d776ec53b4,Old Slip & South St,40.70336686695866,-74.007867872715
8,66db75cc-0aca-11e7-82f6-3863bb44ef7c,South St & Gouverneur Ln,40.70355377,-74.00670227
9,66dbf667-0aca-11e7-82f6-3863bb44ef7c,Pearl St & Hanover Square,40.7047177,-74.00926027
10,8ec47777-852d-4059-a5ea-12eef71a9606,Water St & Gouverneur Ln,40.70469667894968,-74.00803416967392
11,7dda8844-60ba-4449-b05c-54c1d14ab5fb,Broadway & Morris St,40.705945132708806,-74.01321887969969
12,66dbcbbc-0aca-11e7-82f6-3863bb44ef7c,West Thames St,40.70834698,-74.01713445
13,1794096824496960148,South End Ave & Albany St,40.709957,-74.016538
14,6067af3d-f7ed-4149-a394-2fc2eb295872,Greenwich St & Rector St,40.70806582380646,-74.0135595202446
15,66dbca0f-0aca-11e7-82f6-3863bb44ef7c,William St & Pine St,40.70717936,-74.00887308
16,2039088532741595744,Front St & Pine St,40.70531,-74.00613
17,89d4a926-f1ae-4bf2-bf2d-59cff3881579,Water St & Fletcher St,40.706410755236135,-74.00559738278389
18,66db460d-0aca-11e7-82f6-3863bb44ef7c,Maiden Ln & Pearl St,40.70706456,-74.00731853
19,e72f0aec-2293-4636-988c-b9d30df092f8,Liberty St & Nassau St,40.70858894,-74.00935482
20,66db3583-0aca-11e7-82f6-3863bb44ef7c,Liberty St & Broadway,40.70905623,-74.01043382
21,3e9e50cc-f336-439f-bd0b-dec5499c038d,Albany St & Greenwich St,40.709267,-74.013247
22,3b530cff-dd26-4cfd-b570-a85fd53354fe,West St & Liberty St,40.711444,-74.014847
23,66db79a3-0aca-11e7-82f6-3863bb44ef7c,Fulton St & Broadway,40.711066,-74.009447
24,66db7637-0aca-11e7-82f6-3863bb44ef7c,Fulton St & William St,40.70960089363537,-74.00655090808868
25,e8df73bd-5d3d-47c9-b04d-bcec4db5540f,Cliff St & Fulton St,40.70838,-74.00495
26,014a931b-8e1c-438a-8a22-f267ddd1e0d2,Peck Slip & South St,40.7075188830923,-74.00108054280281
27,6f484a9d-c535-451e-a18f-f3afdc0a27af,Gold St & Frankfort St,40.71069995,-74.00354147
28,66db3898-0aca-11e7-82f6-3863bb44ef7c,Spruce St & Nassau St,40.71146364,-74.00552427
29,06439006-11b6-44f0-8545-c9d39035f32a,Vesey St & Church St,40.71221958009051,-74.01047229766846
30,1989279523593928720,Vesey St & Greenwich St,40.71254669463547,-74.01113051087516
31,66db8d89-0aca-11e7-82f6-3863bb44ef7c,Vesey Pl & River Terrace,40.7153379,-74.01658354
32,1286480d-5d6d-4a47-9fac-e156dba2b6fc,Murray St & West St,40.71503,-74.01246
33,66dea894-0aca-11e7-82f6-3863bb44ef7c,Murray St & Greenwich St,40.714851505262516,-74.01122331619263
34,66dbf73d-0aca-11e7-82f6-3863bb44ef7c,Barclay St & Church St,40.71291224,-74.01020234
35,18fcd2c1-dc8b-4a52-9f18-e9b9003bbea5,Park Pl & Church St,40.71334184275907,-74.00935515761375
36,66db3053-0aca-11e7-82f6-3863bb44ef7c,Warren St & W Broadway,40.71473993,-74.00910627
37,66dbe8d6-0aca-11e7-82f6-3863bb44ef7c,Centre St & Chambers St,40.71273266,-74.0046073
38,66db277a-0aca-11e7-82f6-3863bb44ef7c,St James Pl & Pearl St,40.71117416,-74.00016545
39,66dc9143-0aca-11e7-82f6-3863bb44ef7c,Catherine St & Monroe St,40.71117444,-73.99682619
40,66dbf362-0aca-11e7-82f6-3863bb44ef7c,Market St & Cherry St,40.71076228,-73.99400398
41,d55dd622-0ced-4e4d-9ea5-2ef2cb6481a9,South St & Pike St,40.70991806921533,-73.99161100387573
42,66db930d-0aca-11e7-82f6-3863bb44ef7c,Pike St & Monroe St,40.71173107,-73.99193043
43,99142ec8-c0e7-47ca-916c-c1097d48e133,Market St & Henry St,40.71310702305908,-73.99446353316307
44,1960020540642077008,Division St & Bowery,40.71419,-73.99673
45,66db7152-0aca-11e7-82f6-3863bb44ef7c,St James Pl & Oliver St,40.71307916,-73.99851193
46,66dbc745-0aca-11e7-82f6-3863bb44ef7c,Bayard St & Baxter St,40.71602118,-73.99974372
47,66dbe848-0aca-11e7-82f6-3863bb44ef7c,Centre St & Worth St,40.71494807,-74.00234482
48,66db90f1-0aca-11e7-82f6-3863bb44ef7c,Reade St & Broadway,40.71450451,-74.00562789
49,66db2e3a-0aca-11e7-82f6-3863bb44ef7c,Hudson St & Reade St,40.71625008,-74.0091059
50,1b038e21-e199-4c47-bef0-f4bcdc06b73b,Duane St & Hudson St,40.71703,-74.00925
51,66dc0e99-0aca-11e7-82f6-3863bb44ef7c,West St & Chambers St,40.71754834,-74.01322069
52,a6492ad5-d13e-48b0-a0d5-08e60ad93e53,River Ter & Warren St,40.71759894980997,-74.01587963104248
53,66db408f-0aca-11e7-82f6-3863bb44ef7c,Harrison St & Hudson St,40.71870987,-74.0090009
54,c1e24edf-7192-433f-8d38-be5b6b3647c5,North Moore St & Greenwich St,40.72019521437465,-74.0103006362915
55,fa14408f-6e88-4668-86ee-ce10ea707f36,Hudson St & N Moore St,40.719887998,-74.0086269379
56,66db269c-0aca-11e7-82f6-3863bb44ef7c,Franklin St & W Broadway,40.71911552,-74.00666661
57,66db7a0d-0aca-11e7-82f6-3863bb44ef7c,Leonard St & Church St,40.717571,-74.005549
58,c2800791-1911-4f2b-8fc7-bed280c557c0,Church St & Worth St,40.71688538495366,-74.00650128722191
59,32cc1603-a4b5-4099-b7bf-681de451b04a,Walker St & Baxter St,40.717411,-73.999573
60,66dbf518-0aca-11e7-82f6-3863bb44ef7c,Forsyth St & Canal St,40.7158155,-73.99422366
61,66db6889-0aca-11e7-82f6-3863bb44ef7c,Pike St & E Broadway,40.71406667,-73.99293911
62,1e3a16ff-65ba-4d34-b3c6-37aff44e085a,Rutgers St & Henry St,40.71332151208186,-73.99009689688683
63,66db6f2e-0aca-11e7-82f6-3863bb44ef7c,Canal St & Rutgers St,40.71427487,-73.98990025
64,66db9cc4-0aca-11e7-82f6-3863bb44ef7c,Madison St & Clinton St,40.71269042,-73.98776323
65,f833d403-2cf5-424a-a3b3-0314a44b4a67,Clinton St & Cherry St,40.711471394469264,-73.98672603070736
66,66db64d1-0aca-11e7-82f6-3863bb44ef7c,Madison St & Montgomery St,40.713126,-73.984844
67,66db93a1-0aca-11e7-82f6-3863bb44ef7c,Cherry St,40.71219906,-73.97948148
68,66dc76cd-0aca-11e7-82f6-3863bb44ef7c,Henry St & Grand St,40.714211,-73.981095
69,8cb0375d-bcb2-4c90-9773-41c3c8fdf8d8,Grand St & Samuel Dickstein Plaza,40.715118719964956,-73.98417055606842
70,2098714441479661752,Clinton St & Grand St,40.71573792143338,-73.98698994965027
71,66db728c-0aca-11e7-82f6-3863bb44ef7c,Norfolk St & Broome St,40.7172274,-73.98802084
72,1960020817312746312,Allen St & Hester St,40.71606,-73.99191
73,063e7e78-b810-4a2f-8045-a82a0d69d752,Orchard St & Grand St,40.717318403855785,-73.99067759513855
74,9e3603ee-2b7d-4147-a7b5-48bbd778902c,Forsyth St & Grand St,40.71779817737835,-73.99316132068634
75,66dc86d9-0aca-11e7-82f6-3863bb44ef7c,Forsyth St & Broome St,40.71893904,-73.99266288
76,8ea09819-cd88-4732-b047-c0549f0b370f,Delancey St & Eldridge St,40.719383,-73.991479
77,66dbf062-0aca-11e7-82f6-3863bb44ef7c,Allen St & Rivington St,40.72019576,-73.98997825
78,66dc3ab9-0aca-11e7-82f6-3863bb44ef7c,Rivington St & Chrystie St,40.72110063,-73.9919254
79,66db72f1-0aca-11e7-82f6-3863bb44ef7c,Allen St & Stanton St,40.722055,-73.989111
80,66db4671-0aca-11e7-82f6-3863bb44ef7c,Stanton St & Chrystie St,40.72229346,-73.99147535
81,66de85d2-0aca-11e7-82f6-3863bb44ef7c,Grand St & Elizabeth St,40.718822,-73.99596
82,9e5fd5b6-c5f2-4694-9406-a44b7d0146d9,Kenmare St & Elizabeth St,40.72054,-73.9949
83,66db4158-0aca-11e7-82f6-3863bb44ef7c,Mott St & Prince St,40.72317958,-73.99480012
84,66db479e-0aca-11e7-82f6-3863bb44ef7c,Howard St & Lafayette St,40.71910537,-73.99973337
85,f54ad1f8-fe58-49ac-82ae-b742aec66829,Lafayette St & Grand St,40.72028,-73.99879
86,66db2fd0-0aca-11e7-82f6-3863bb44ef7c,Cleveland Pl & Spring St,40.722103786686034,-73.99724900722504
87,66db4351-0aca-11e7-82f6-3863bb44ef7c,Lispenard St & Broadway,40.71939226,-74.00247214
88,66dc91b5-0aca-11e7-82f6-3863bb44ef7c,Grand St & Greene St,40.72170005235607,-74.00238141417502
89,66db6d40-0aca-11e7-82f6-3863bb44ef7c,Mercer St & Spring St,40.72362738,-73.99949601
90,53e30d38-a110-42b4-a8f9-ca801a847ac7,Greene St & Prince St,40.72511734422387,-73.99930492043495
91,7d5fa1f0-4069-4d5d-b735-5d500597394a,W Broadway & Watts St,40.72323,-74.00314
92,19d17911-1e4a-41fa-b62b-719aa0a6182e,6 Ave & Walker St,40.7197920901383,-74.0052238852195
93,66db402c-0aca-11e7-82f6-3863bb44ef7c,Laight St & Hudson St,40.72185379,-74.00771779
94,66de867e-0aca-11e7-82f6-3863bb44ef7c,Greenwich St & Hubert St,40.721319,-74.010065
95,9b0c2c99-214f-4e15-b476-1626c03a9e4e,Washington St & Laight St,40.72231,-74.0106
96,66db8fde-0aca-11e7-82f6-3863bb44ef7c,Watts St & Greenwich St,40.72405549,-74.00965965
98,33c533cd-5f0e-4c15-a00a-6a2bf1e2d077,Spring St & Hudson St,40.72583996792375,-74.0076532959938
99,90c35466-db3c-4b0d-993e-6e92883773b4,6 Ave & Broome St,40.72431,-74.00473
100,bde94a25-6089-4490-af3a-8cc5702230b8,W Broadway & Spring St,40.72494672359416,-74.00165855884552
101,66ddbdb1-0aca-11e7-82f6-3863bb44ef7c,Pier 40 - Hudson River Park,40.7277140777778,-74.01129573583603
102,66dbbeda-0aca-11e7-82f6-3863bb44ef7c,Greenwich St & W Houston St,40.728846,-74.008591
103,61647ec6-dfd6-4d1c-8800-d488d390c627,King St & Varick St,40.72789701409023,-74.00536268949507
104,66db2afe-0aca-11e7-82f6-3863bb44ef7c,MacDougal St & Prince St,40.72710258,-74.00297088
105,af72781c-fe0b-4b73-a7df-201f9780ea9c,W Broadway & W Houston St,40.726378,-74.000472
106,66db40ef-0aca-11e7-82f6-3863bb44ef7c,Lafayette St & Jersey St,40.72456089,-73.99565293
107,9394fb49-583f-4426-8d2f-a2b0ffb584d2,Stanton St & Norfolk St,40.720747,-73.986274
108,66dbc7d2-0aca-11e7-82f6-3863bb44ef7c,Bialystoker Pl & Delancey St,40.71622644,-73.98261206
109,66dba0ba-0aca-11e7-82f6-3863bb44ef7c,Columbia St & Rivington St,40.71739973,-73.98016555
110,66db9e99-0aca-11e7-82f6-3863bb44ef7c,Stanton St & Mangin St,40.71782143,-73.97628939
111,66dbc37a-0aca-11e7-82f6-3863bb44ef7c,Rivington St & Ridge St,40.71850211,-73.98329859
112,66dbefee-0aca-11e7-82f6-3863bb44ef7c,Pitt St & Stanton St,40.71926081,-73.98178024
113,66dbf442-0aca-11e7-82f6-3863bb44ef7c,Suffolk St & Stanton St,40.72066442,-73.98517977
115,66db2f4c-0aca-11e7-82f6-3863bb44ef7c,E 2 St & Ave C,40.7208736,-73.98085795
116,66db6aae-0aca-11e7-82f6-3863bb44ef7c,E 2 St & Ave B,40.72217444,-73.98368779
117,93e2e1a5-49c5-41f8-a6bf-b399b6a5140d,E 2 St & Ave A,40.72307749068673,-73.98583620786667
118,7b0227aa-bbf5-4731-a49a-765b4afac483,E 1 St & 1 Ave,40.72335597960796,-73.98864984512329
119,66dbf140-0aca-11e7-82f6-3863bb44ef7c,E 2 St & 2 Ave,40.72502876,-73.99069656
120,4168e5a4-c7ec-4045-bfc8-84ac5edbe845,E 1 St & Bowery,40.72486122254819,-73.99213135242462
121,412c1416-d15b-4e6a-9691-da4c3cc0d0d2,Bleecker St & Crosby St,40.72615604980408,-73.99510189890862
122,66ddd369-0aca-11e7-82f6-3863bb44ef7c,Mercer St & Bleecker St,40.72706363348306,-73.99662137031554
123,b6a4770e-9077-4a0e-a0fb-b45b1d457559,Thompson St & Bleecker St,40.72840059450829,-73.99968780577183
124,66dbce8a-0aca-11e7-82f6-3863bb44ef7c,Carmine St & 6 Ave,40.73038599,-74.00214988
125,549b5bc4-b949-4eeb-8ffb-2215e1e49892,Morton St & Greenwich St,40.73115,-74.00887
126,4e862dc1-0652-4f29-a26f-315d763df67d,Washington St & Barrow St,40.73191132323174,-74.008769094944
128,66dbc8f5-0aca-11e7-82f6-3863bb44ef7c,Christopher St & Greenwich St,40.73291553,-74.00711384
129,66db2a71-0aca-11e7-82f6-3863bb44ef7c,Barrow St & Hudson St,40.73172428,-74.00674436
130,c466f15e-715f-411e-904e-1a71fb574cdd,7 Ave S & Bleecker St,40.73213896287381,-74.00363802909851
131,66db9845-0aca-11e7-82f6-3863bb44ef7c,Sullivan St & Washington Sq,40.73047747,-73.99906065
132,66db3273-0aca-11e7-82f6-3863bb44ef7c,LaGuardia Pl & W 3 St,40.72917025,-73.99810231
133,1934749166596673908,Washington Pl & Greene St,40.72980619180496,-73.99546380915461
134,66db9675-0aca-11e7-82f6-3863bb44ef7c,Washington Pl & Broadway,40.72903917,-73.99404649
135,66db3a1e-0aca-11e7-82f6-3863bb44ef7c,Great Jones St,40.72743423,-73.99379025
136,d8778570-f7f2-458d-82f5-9ad39210a501,E 5 St & Cooper Sq,40.72769,-73.990993
137,66dc176f-0aca-11e7-82f6-3863bb44ef7c,E 4 St & 2 Ave,40.7262807,-73.98978041
138,66dc0f8a-0aca-11e7-82f6-3863bb44ef7c,E 3 St & 1 Ave,40.72467721,-73.98783413
139,0096fecb-3a56-4585-9204-aa9554f7bc49,E 5 St & Ave A,40.72479007746337,-73.98430064320564
140,edc9b877-c311-46b4-a780-59ee7e692324,E 4 St & Ave B,40.723346832180155,-73.98265913128853
141,66dbec40-0aca-11e7-82f6-3863bb44ef7c,E 5 St & Ave C,40.72299208,-73.97995466
142,66db6cd4-0aca-11e7-82f6-3863bb44ef7c,Ave D & E 3 St,40.72082834,-73.97793172
143,66dbf4ac-0aca-11e7-82f6-3863bb44ef7c,E 6 St & Ave D,40.72228087,-73.97668709
144,66db46d7-0aca-11e7-82f6-3863bb44ef7c,Ave D & E 8 St,40.72368361,-73.97574813
145,eb6c2359-4825-4bf4-8f2d-8b6dd2bf4212,E 7 St & Ave C,40.72412944090093,-73.97901266813278
146,66db76a1-0aca-11e7-82f6-3863bb44ef7c,E 6 St & Ave B,40.72453734,-73.98185424
147,645e4365-653f-48ce-bc15-5fcc287be56f,E 7 St & Ave B,40.7251285241158,-73.98131668567657
148,66dc10d1-0aca-11e7-82f6-3863bb44ef7c,E 7 St & Ave A,40.72621788,-73.98379855
149,c37931bb-8571-4671-a9a8-f3cf23897680,1 Ave & E 6 St,40.72633085971696,-73.98616880178452
150,3edec530-4791-4872-8912-2a2397a903a4,E 6 St & 2 Ave,40.727378693232225,-73.98840844631195
151,66dc1702-0aca-11e7-82f6-3863bb44ef7c,St Marks Pl & 1 Ave,40.72779126,-73.98564945
152,66db3ba0-0aca-11e7-82f6-3863bb44ef7c,St Marks Pl & 2 Ave,40.7284186,-73.98713956
153,66ddd545-0aca-11e7-82f6-3863bb44ef7c,Cooper Square & Astor Pl,40.72951496224949,-73.99075269699097
154,66db65aa-0aca-11e7-82f6-3863bb44ef7c,Lafayette St & E 8 St,40.73020660529954,-73.99102628231049
155,66ddb6d9-0aca-11e7-82f6-3863bb44ef7c,University Pl & E 8 St,40.73143724085228,-73.99490341544151
156,a82599ce-99ca-4670-8053-baada198034a,E 9 St & 5 Ave,40.73275887045087,-73.99581670761108
157,66db41bf-0aca-11e7-82f6-3863bb44ef7c,MacDougal St & Washington Sq,40.73226398,-73.99852205
158,66dbcf18-0aca-11e7-82f6-3863bb44ef7c,Washington Pl & 6 Ave,40.73224119,-74.00026394
159,66dbe571-0aca-11e7-82f6-3863bb44ef7c,W 4 St & 7 Ave S,40.73401143,-74.00293877
160,66db3fc9-0aca-11e7-82f6-3863bb44ef7c,Perry St & Bleecker St,40.73535398,-74.00483091
161,7e70b65e-00c1-40d5-984d-17232a4ee05e,Greenwich St & Perry St,40.73498,-74.00697
162,66db3cab-0aca-11e7-82f6-3863bb44ef7c,Bank St & Washington St,40.7361967,-74.00859207
163,66dbf215-0aca-11e7-82f6-3863bb44ef7c,Washington St & Gansevoort St,40.739323,-74.008119
164,29ced315-14b5-4edc-bef2-665316dfe3dd,W 12 St & Hudson St,40.73752993301071,-74.00558933615685
165,66dbbc4a-0aca-11e7-82f6-3863bb44ef7c,Bank St & Hudson St,40.73652889,-74.00618026
166,00d3e65e-b614-4408-aaa9-939ed96ce645,Perry St & Greenwich Ave,40.735918,-74.000939
167,66dbe68e-0aca-11e7-82f6-3863bb44ef7c,Greenwich Ave & Charles St,40.735238,-74.000271
168,66db4282-0aca-11e7-82f6-3863bb44ef7c,W 11 St & 6 Ave,40.73532427,-73.99800419
169,66db5f40-0aca-11e7-82f6-3863bb44ef7c,E 10 St & 5 Ave,40.73331967,-73.99510132
170,0f45bcf6-7028-4584-a51e-4129847dbebc,4 Ave & E 12 St,40.732647,-73.99011
171,66dc481a-0aca-11e7-82f6-3863bb44ef7c,E 12 St & 3 Ave,40.73223272,-73.98889957
172,a4368364-fa79-493c-8478-1d3471a6077f,E 11 St & 3 Ave,40.73127,-73.98849
173,348c5e65-cbc3-4da6-9856-fc253a0ba546,E 13 St & 2 Ave,40.73153937464073,-73.9853024482727
174,aa8fc8b7-b66c-41d9-9885-30b8af599378,E 10 St & 2 Ave,40.72970805644994,-73.9865979552269
175,66db8ca4-0aca-11e7-82f6-3863bb44ef7c,E 11 St & 1 Ave,40.72953837,-73.98426726
176,d9160982-2d9b-4f08-9469-a559a7b62809,E 13 St & Ave A,40.72966729392978,-73.98067966103554
177,ca4795a2-6ab3-4597-bf59-f0155ac1637c,Ave A & E 11 St,40.72854745023944,-73.98175925016403
178,66dc1beb-0aca-11e7-82f6-3863bb44ef7c,E 10 St & Ave A,40.72740794,-73.98142006
179,99d149f9-ad40-461e-beea-fcbf086f9b5a,E 11 St & Ave B,40.72746420692392,-73.97950418293476
180,3ac7b47b-2253-4a0b-bf7d-8a2eb6b78a38,E 12 St & Ave C,40.727243,-73.976831
181,66dbecd0-0aca-11e7-82f6-3863bb44ef7c,E 9 St & Ave C,40.72521311,-73.97768752
182,a0eec052-257a-4c79-8171-6e2ad9864ad0,Ave D & E 10 St,40.72506551015475,-73.97515833377838
183,66db9c2e-0aca-11e7-82f6-3863bb44ef7c,Ave D & E 12 St,40.72580614,-73.97422494
184,66dc7ba2-0aca-11e7-82f6-3863bb44ef7c,E 14 St & Ave B,40.72938685,-73.97772429
185,0dc63044-e19c-474d-9df1-c3e504d03b07,Ave C & E 16 St,40.72984830346529,-73.97455215454102
186,c7ffe3fa-9cd6-4d35-9060-7d5822381442,E 20 St & FDR Dr,40.733208626522426,-73.9756813647
187,2053884382031338034,E 23 St & FDR Dr,40.736,-73.97605
188,cc7b86cf-a2fb-4738-b967-de7b197dc930,Ave A & E 14 St,40.73031071000895,-73.98047178983688
189,e2fc6d90-8deb-4e21-961d-9d5208c1f986,E 14 St & 1 Ave,40.73139303364151,-73.98286700248718
190,66dc7802-0aca-11e7-82f6-3863bb44ef7c,1 Ave & E 16 St,40.73221853,-73.98165557
191,66dc8f1f-0aca-11e7-82f6-3863bb44ef7c,1 Ave & E 18 St,40.733812191966315,-73.98054420948029
192,66dc8c90-0aca-11e7-82f6-3863bb44ef7c,E 23 St & 1 Ave,40.736502,-73.97809472
193,66db34fc-0aca-11e7-82f6-3863bb44ef7c,E 25 St & 1 Ave,40.7381765,-73.97738662
194,66dc9223-0aca-11e7-82f6-3863bb44ef7c,E 27 St & 1 Ave,40.739445,-73.976806
195,66dc89ae-0aca-11e7-82f6-3863bb44ef7c,1 Ave & E 30 St,40.74144387,-73.97536082
196,61c82689-3f4c-495d-8f44-e71de8f04088,E 33 St & 1 Ave,40.74322681432173,-73.97449783980846
197,1893622839585237496,2 Ave & E 31 St,40.74299,-73.97711
198,cdb6e2aa-4da3-4ed7-9b13-ce626addf6b0,2 Ave & E 29 St,40.741723510974715,-73.97809267044067
199,66dc7957-0aca-11e7-82f6-3863bb44ef7c,E 25 St & 2 Ave,40.73912601,-73.97973776
200,6ff2eec8-2b72-490a-b1c3-f9892ab3a724,E 22 St & 2 Ave,40.73716919369882,-73.98122549057007
201,66dc259a-0aca-11e7-82f6-3863bb44ef7c,E 20 St & 2 Ave,40.73587678,-73.98205027
202,55f6b830-e43e-4227-bfc7-683465236d94,E 17 St & 2 Ave,40.73431166276575,-73.98372530937195
203,66db6963-0aca-11e7-82f6-3863bb44ef7c,E 15 St & 3 Ave,40.734232,-73.986923
204,647a2a80-9630-41b0-9b91-1f464b0bf3cc,E 16 St & Irving Pl,40.735367055605394,-73.98797392845154
205,66db8c10-0aca-11e7-82f6-3863bb44ef7c,E 19 St & 3 Ave,40.73624527,-73.98473765
206,66dc7773-0aca-11e7-82f6-3863bb44ef7c,E 20 St & Park Ave,40.73827428,-73.98751968
207,876683ce-9bce-4fad-8d1c-6b331fa07b5c,Gramercy Park N & Gramercy Park E,40.73795,-73.98509
208,66dc8a3d-0aca-11e7-82f6-3863bb44ef7c,Lexington Ave & E 24 St,40.74025878,-73.98409214
209,66dc6a86-0aca-11e7-82f6-3863bb44ef7c,E 24 St & Park Ave S,40.74096374,-73.98602213
210,7c7cb750-6613-48a4-bfae-9240968f1fad,E 26 St & 3 Ave,40.74069317733043,-73.98160636425018
211,454b4a83-d0b1-42a2-8163-261e2a9d6ab9,Lexington Ave & E 26 St,40.741459,-73.983293
212,06109e92-4363-445a-9743-0457f6799530,Madison Ave & E 26 St,40.742684734875695,-73.98671329021454
213,e6c2a46e-431a-4101-af84-870f660ff4cb,E 27 St & Park Ave S,40.74275179648995,-73.9847157150507
214,66dc8bfd-0aca-11e7-82f6-3863bb44ef7c,Lexington Ave & E 29 St,40.74311555376486,-73.98215353488922
215,66dc3e89-0aca-11e7-82f6-3863bb44ef7c,E 31 St & 3 Ave,40.74394314,-73.97966069
216,66dc8d1d-0aca-11e7-82f6-3863bb44ef7c,E 30 St & Park Ave S,40.74444921,-73.98303529
217,66dc3a1a-0aca-11e7-82f6-3863bb44ef7c,E 32 St & Park Ave,40.7457121,-73.98194829
218,5c3c345d-1975-400d-a9d8-18815816886e,5 Ave & E 30 St,40.7459849,-73.98629487
219,daefc84c-1b16-4220-8e1f-10ea4866fdc7,Broadway & W 25 St,40.74286877312112,-73.98918628692627
220,5f7ac86c-1a98-4603-8749-4bb83ac84acd,Broadway & E 21 St,40.739888408589955,-73.98958593606949
221,3d340fc5-8c86-4d5e-974d-ae28958e61e8,W 20 St & 5 Ave,40.73972989238724,-73.99103969335556
222,1975518133370609774,Broadway & E 19 St,40.73829,-73.99006
223,1975518396279321266,E 17 St & Broadway,40.737006,-73.990134
224,66db6387-0aca-11e7-82f6-3863bb44ef7c,Broadway & E 14 St,40.73454567,-73.99074142
225,b30815c0-99b6-451b-be15-902992cb8abb,University Pl & E 14 St,40.734814,-73.992085
226,eafa19ed-88c2-4efc-bd73-3961f85b6063,W 13 St & 5 Ave,40.735445,-73.99431
227,1963272613486484230,E 15 St & 5 Ave,40.736592,-73.992949
228,66dc741f-0aca-11e7-82f6-3863bb44ef7c,E 16 St & 5 Ave,40.73726186,-73.99238967
229,09dfc0e3-a448-477c-bb3c-9467dc51ef8d,W 15 St & 6 Ave,40.738046142482766,-73.99642959237099
230,66db33fc-0aca-11e7-82f6-3863bb44ef7c,W 18 St & 6 Ave,40.73971301,-73.99456405
231,66dc120f-0aca-11e7-82f6-3863bb44ef7c,W 21 St & 6 Ave,40.74173969,-73.99415556
232,66dc2995-0aca-11e7-82f6-3863bb44ef7c,W 25 St & 6 Ave,40.74395411,-73.99144871
233,1794096976946852066,W 27 St & 6 Ave,40.74526,-73.99062
234,1960021358478625244,W 27 St & 7 Ave,40.74665,-73.99392
235,66dc1c5c-0aca-11e7-82f6-3863bb44ef7c,W 24 St & 7 Ave,40.74487634,-73.99529885
236,66db95e5-0aca-11e7-82f6-3863bb44ef7c,W 20 St & 7 Ave,40.74238787,-73.99726235
237,2e74ea1d-02a0-47bf-9665-dce2d65de8d7,W 17 St & 7 Ave,40.740564236339516,-73.99852573871613
238,66dc462a-0aca-11e7-82f6-3863bb44ef7c,W 15 St & 7 Ave,40.73935542,-73.99931783
239,66db3816-0aca-11e7-82f6-3863bb44ef7c,W 13 St & 7 Ave,40.73781509,-73.99994661
240,66db631c-0aca-11e7-82f6-3863bb44ef7c,Greenwich Ave & 8 Ave,40.7390169121,-74.0026376103
241,1827839088308194240,Gansevoort St & Hudson St,40.73937600789778,-74.00520807425661
242,0c923abb-298a-4a47-b132-9fae73cc59e6,Hudson St & W 13 St,40.74005708567285,-74.0052741765976
243,e8a6c13b-1f6e-4e6b-bdf8-9b0e597e4a62,8 Ave & W 16 St,40.740983,-74.001702
244,66db28b5-0aca-11e7-82f6-3863bb44ef7c,W 17 St & 8 Ave,40.74177603,-74.00149746
245,66dc36c3-0aca-11e7-82f6-3863bb44ef7c,W 20 St & 8 Ave,40.74345335,-74.00004031
246,66dc209c-0aca-11e7-82f6-3863bb44ef7c,W 22 St & 8 Ave,40.74475148,-73.99915362
247,1d440638-ec50-4ccb-9a82-0e3247a87c63,8 Ave & W 24 St,40.74591072834279,-73.99807110428809
248,1804892772559499512,W 25 St & 8 Ave,40.74649996333341,-73.99732626293645
249,9e9acfaf-0bbf-4bc2-a825-b2befb6bee55,8 Ave & W 27 St,40.747968,-73.996637
250,39f756c2-3904-463e-95a8-8d8e3540e845,W 25 St & 9 Ave,40.747832605837715,-74.0005722643582
251,66dc7a7d-0aca-11e7-82f6-3863bb44ef7c,9 Ave & W 22 St,40.7454973,-74.00197139
252,73b403cf-86fd-4f93-a484-5cb06a2abeea,W 18 St & 9 Ave,40.7435337324616,-74.00367558002472
253,66dc11a7-0aca-11e7-82f6-3863bb44ef7c,9 Ave & W 18 St,40.74317449,-74.00366443
254,116dbc02-a3c1-4b65-9f73-2a09a2aa1379,10 Ave & W 14 St,40.741981599940225,-74.00831580162048
255,2527619f-ef89-425c-bf3b-60cc0ec519bf,W 15 St & 10 Ave,40.742753828659026,-74.00747358798981
256,66db3606-0aca-11e7-82f6-3863bb44ef7c,W 16 St & The High Line,40.74334935,-74.00681753
257,55ccb271-7035-422e-bee1-20e84caa0217,W 20 St & 10 Ave,40.745686,-74.005141
258,66dc24b8-0aca-11e7-82f6-3863bb44ef7c,W 20 St & 11 Ave,40.746745,-74.007756
259,1929504694747056164,Pier 61 at Chelsea Piers,40.746872,-74.00821
260,66dc2606-0aca-11e7-82f6-3863bb44ef7c,W 22 St & 10 Ave,40.74691959,-74.00451887
261,66dbe96d-0aca-11e7-82f6-3863bb44ef7c,W 26 St & 10 Ave,40.749717753,-74.002950346
262,66dc51e9-0aca-11e7-82f6-3863bb44ef7c,10 Ave & W 28 St,40.75066386,-74.00176802
263,66dc22a7-0aca-11e7-82f6-3863bb44ef7c,11 Ave & W 27 St,40.751396,-74.005226
264,e51c8b72-460f-41c2-a5ca-de85d3f46a30,W 30 St & 10 Ave,40.752694,-74.002353
265,66dc7c31-0aca-11e7-82f6-3863bb44ef7c,W 29 St & 9 Ave,40.7500727,-73.99839279
266,66dc4bd9-0aca-11e7-82f6-3863bb44ef7c,Broadway & W 29 St,40.7462009,-73.98855723
267,66dc840f-0aca-11e7-82f6-3863bb44ef7c,E 33 St & 5 Ave,40.74765947,-73.98490707
268,2637fed8-1e2a-460b-83eb-3eb32ace0f4e,E 35 St & Madison Ave,40.74848023448579,-73.98255586624146
269,93c28953-7e65-436e-9c5a-9d7ca0e3729f,Lexington Ave & E 36 St,40.747573958954796,-73.9788007736206
270,66dc7659-0aca-11e7-82f6-3863bb44ef7c,FDR Drive & E 35 St,40.744219,-73.97121214
271,1917312704757770810,1 Ave & E 38 St,40.746202,-73.971822
272,de0c1800-f7cc-41b4-ab7a-c9d219180d06,E 39 St & Lexington Ave,40.749498546025194,-73.97729203113158
273,66dc7f02-0aca-11e7-82f6-3863bb44ef7c,Park Ave & E 41 St,40.751581,-73.97791
274,c638ec67-9ac0-416f-944f-619926144931,E 40 St & Park Ave,40.750756,-73.978326
275,66dc4b4c-0aca-11e7-82f6-3863bb44ef7c,W 37 St & 5 Ave,40.75038009,-73.98338988
276,66db30e0-0aca-11e7-82f6-3863bb44ef7c,E 40 St & 5 Ave,40.752062307,-73.9816324043
277,66dc78c4-0aca-11e7-82f6-3863bb44ef7c,6 Ave & W 33 St,40.74901271,-73.98848395
278,547cdccc-7864-4898-97c9-8798d924ef54,6 Ave & W 34 St,40.74964,-73.98805
279,66db473c-0aca-11e7-82f6-3863bb44ef7c,Broadway & W 36 St,40.75097711,-73.98765428
280,66dbcb2f-0aca-11e7-82f6-3863bb44ef7c,Broadway & W 37 St,40.75172632,-73.98753523
281,341730d7-a61d-499d-8c07-fa015f644e54,W 37 St & Broadway,40.75227093837409,-73.98770570755005
282,0fde06c2-632c-46a9-8866-f4e855604f74,Broadway & W 38 St,40.7529728216068,-73.98734897375107
283,d7c56fef-1bf9-4315-85af-8638c534b402,W 36 St & 7 Ave,40.752149,-73.989539
284,66dbe4db-0aca-11e7-82f6-3863bb44ef7c,W 31 St & 7 Ave,40.749156,-73.9916
285,c5861c24-5ac1-41df-82f1-31748d03e868,W 30 St & 8 Ave,40.74964702898657,-73.99506707345266
286,66ddbd20-0aca-11e7-82f6-3863bb44ef7c,8 Ave & W 31 St,40.7505853470215,-73.9946848154068
287,66dc686c-0aca-11e7-82f6-3863bb44ef7c,8 Ave & W 33 St,40.75156757136795,-73.99376901480953
288,96e72113-3681-4d19-88bb-032e76720093,W 35 St & 8 Ave,40.752762088742045,-73.99280458705107
289,8d097a6d-f17c-4195-9dd4-42527b371c71,8 Ave & W 38 St,40.75461,-73.99177
290,3b52be68-9123-46a9-bb45-f0d0646a5a81,9 Ave & W 39 St,40.756403523272496,-73.99410143494606
291,833bc8bc-3c32-4481-9c14-9a88aa7accec,W 36 St & 9 Ave,40.75462324029105,-73.99516761302948
292,05c5e17c-7aa9-49b7-9da3-9db4858ec1fc,W 35 St & 9 Ave,40.75414519263519,-73.9960889518261
293,1869743938848725856,9 Ave & W 33 St,40.752568,-73.996765
294,e3470e29-934c-41f1-8fe7-82135ed2d620,W 33 St & 10 Ave,40.753773368360385,-73.99937599897385
295,a47f77a2-9008-4652-a4f1-b95eee723a1b,W 35 St & Dyer Ave,40.754691750226016,-73.99740189313889
296,cb05443c-e68e-48f7-8d17-35353fa19d4d,W 34 St & Hudson Blvd E,40.75516719072139,-74.00059908628464
297,66dc8382-0aca-11e7-82f6-3863bb44ef7c,W 34 St & 11 Ave,40.75594159,-74.0021163
298,88c1303b-3349-4591-bf08-c7e40cf3537a,Hudson Blvd W & W 36 St,40.75676475086503,-73.99971440439913
299,66dc7d58-0aca-11e7-82f6-3863bb44ef7c,12 Ave & W 40 St,40.76087502,-74.00277668
300,66dc41bb-0aca-11e7-82f6-3863bb44ef7c,11 Ave & W 41 St,40.76030096,-73.99884222
301,66dc1d80-0aca-11e7-82f6-3863bb44ef7c,W 37 St & 10 Ave,40.75660359,-73.9979009
302,66dda55f-0aca-11e7-82f6-3863bb44ef7c,W 42 St & Dyer Ave,40.75898481399634,-73.99379968643188
303,66dc85bb-0aca-11e7-82f6-3863bb44ef7c,W 42 St & 8 Ave,40.7575699,-73.99098507
304,66dc3f08-0aca-11e7-82f6-3863bb44ef7c,W 41 St & 8 Ave,40.75640548,-73.9900262
305,f72a253f-3cef-4da8-9591-0cbd3a692162,W 40 St & 7 Ave,40.754818,-73.988154
306,66dc292c-0aca-11e7-82f6-3863bb44ef7c,Broadway & W 41 St,40.75513557,-73.98658032
307,2098714657799221362,W 42 St & 6 Ave,40.754969801754676,-73.98468096052407
308,2af3ecc3-4f43-468a-a7cc-bb4804ee3e7a,E 43 St & Madison Ave,40.75354681867074,-73.97896572947502
309,66dc8025-0aca-11e7-82f6-3863bb44ef7c,Park Ave & E 42 St,40.751873,-73.977706
310,1e226f22-034f-4b99-8184-a8eaa591fbd8,E 44 St & Lexington Ave,40.752643,-73.974996
311,66dc17df-0aca-11e7-82f6-3863bb44ef7c,E 45 St & 3 Ave,40.75255434,-73.97282625
312,66dea8ff-0aca-11e7-82f6-3863bb44ef7c,E 44 St & 2 Ave,40.75118387463277,-73.97138714790344
313,66dca5f3-0aca-11e7-82f6-3863bb44ef7c,E 43 St & 2 Ave,40.75022392,-73.97121414
314,1984510483573713186,1 Ave & E 42 St,40.7487575,-73.970127
315,66dc2172-0aca-11e7-82f6-3863bb44ef7c,1 Ave & E 44 St,40.75001986,-73.96905301
316,66dc7e75-0aca-11e7-82f6-3863bb44ef7c,E 47 St & 1 Ave,40.75206862,-73.96784384
317,66db32fb-0aca-11e7-82f6-3863bb44ef7c,E 47 St & 2 Ave,40.75323098,-73.97032517
318,66dc210e-0aca-11e7-82f6-3863bb44ef7c,E 51 St & 1 Ave,40.75455731,-73.96592976
319,632b140c-65de-4f50-9cc2-c001ae011aea,E 51 St & 2 Ave,40.755293,-73.967641
320,0138452a-b9f4-4aee-80b0-7fae9a122ffe,E 54 St & 1 Ave,40.756265,-73.964179
321,66ddb66e-0aca-11e7-82f6-3863bb44ef7c,E 58 St & 1 Ave (NE Corner),40.75892386377695,-73.96226227283478
322,2bf9addc-038b-48fe-8794-dde085c5e5dc,E 58 St & 1 Ave (NW Corner),40.759125,-73.962658
323,66db6e49-0aca-11e7-82f6-3863bb44ef7c,E 58 St & 3 Ave,40.76095756,-73.96724467
324,66dc28bd-0aca-11e7-82f6-3863bb44ef7c,E 56 St & 3 Ave,40.75934501,-73.96759673
325,66dbe7b6-0aca-11e7-82f6-3863bb44ef7c,E 55 St & 2 Ave,40.75797322,-73.96603308
326,66dbcdfc-0aca-11e7-82f6-3863bb44ef7c,E 53 St & Lexington Ave,40.75828065,-73.97069431
327,66dea7b5-0aca-11e7-82f6-3863bb44ef7c,E 53 St & 3 Ave,40.75763227739443,-73.96930575370789
328,66dc81ce-0aca-11e7-82f6-3863bb44ef7c,E 51 St & Lexington Ave,40.75714758,-73.97207836
329,66db3997-0aca-11e7-82f6-3863bb44ef7c,E 48 St & 3 Ave,40.7546011026,-73.971878855
330,66dbc982-0aca-11e7-82f6-3863bb44ef7c,E 47 St & Park Ave,40.75510267,-73.97498696
331,1903998756008763590,E 46 St & Madison Ave,40.755393,-73.977601
332,66dd9fa6-0aca-11e7-82f6-3863bb44ef7c,E 48 St & 5 Ave,40.75724567911726,-73.97805914282799
334,70634bc4-4d90-42d4-8f6a-3f29fa8f7f77,E 50 St & Park Ave,40.757334,-73.974235
335,821b19c1-ab13-4482-9580-770288a377a7,Madison Ave & E 51 St,40.75863,-73.97513
336,66dc80b4-0aca-11e7-82f6-3863bb44ef7c,W 52 St & 5 Ave,40.75992262,-73.97648516
337,67f60e7e-397a-4e47-b7f9-d10bd67133b3,W 51 St & Rockefeller Plaza,40.75973805251143,-73.97811613976955
338,66dc21d4-0aca-11e7-82f6-3863bb44ef7c,E 53 St & Madison Ave,40.7597108,-73.97402311
339,6fd61eee-d0ef-4580-9704-bd06b82bcb61,E 56 St & Madison Ave,40.761573,-73.972628
340,66dea6e1-0aca-11e7-82f6-3863bb44ef7c,E 58 St & Madison Ave,40.76302594280519,-73.97209525108337
341,66dbc551-0aca-11e7-82f6-3863bb44ef7c,W 56 St & 6 Ave,40.76340613,-73.97722479
342,581d8683-c217-4f96-89cb-b5a94d780b83,W 55 St & 6 Ave,40.763189,-73.978434
343,1791472201147965920,W 54 St & 6 Ave,40.761865,-73.977242
344,66de8a86-0aca-11e7-82f6-3863bb44ef7c,W 52 St & 6 Ave,40.76132983124814,-73.97982001304626
345,66dc7b10-0aca-11e7-82f6-3863bb44ef7c,W 51 St & 6 Ave,40.7606597,-73.98042047
346,2104286315955915532,W 47 St & 6 Ave,40.758154,-73.981957
347,904930bd-2671-4695-9c1a-8a894b041129,6 Ave & W 45 St,40.756951,-73.982631
348,66dc48ef-0aca-11e7-82f6-3863bb44ef7c,W 44 St & 5 Ave,40.75500254,-73.98014437
349,66dc82ef-0aca-11e7-82f6-3863bb44ef7c,W 43 St & 6 Ave,40.75527307,-73.98316936
350,66dca682-0aca-11e7-82f6-3863bb44ef7c,W 45 St & 8 Ave,40.75929124,-73.98859651
351,66dc42a0-0aca-11e7-82f6-3863bb44ef7c,9 Ave & W 45 St,40.76019252,-73.9912551
352,490ca6cc-c2a2-4838-acf0-4704ed60dc51,W 47 St & 9 Ave,40.76153045158114,-73.99007007479668
353,64f0f28c-bedc-42d5-b107-ecdd48fc30cd,Broadway & W 48 St,40.76017739537783,-73.98486793041229
354,053312f2-e77e-4674-b28b-ad357fbcb4ee,8 Ave & W 49 St,40.76171227910671,-73.98655101656914
355,66dc1e55-0aca-11e7-82f6-3863bb44ef7c,W 49 St & 8 Ave,40.76227205,-73.98788205
356,b442a648-e9f4-4893-951a-64d258bc0e55,W 50 St & 9 Ave,40.763604677958625,-73.98917958140373
357,2004153375425087884,W 51 St & 7 Ave,40.76167,-73.98256
358,66dc2c78-0aca-11e7-82f6-3863bb44ef7c,Broadway & W 53 St,40.76344058,-73.98268129
359,66dc1d0c-0aca-11e7-82f6-3863bb44ef7c,8 Ave & W 52 St,40.76370739,-73.9851615
360,1198e739-787c-4ce4-aa63-ffaf98506e9c,7 Ave & W 55 St,40.764126,-73.980973
361,66dc2bc5-0aca-11e7-82f6-3863bb44ef7c,Broadway & W 56 St,40.7652654,-73.98192338
362,c042a307-2d7d-4ee9-95b7-a7505a3428c2,W 56 St & 8 Ave,40.765959181657976,-73.98313522338867
363,66dc2238-0aca-11e7-82f6-3863bb44ef7c,Broadway & W 58 St,40.76695317,-73.98169333
364,1888015107269225164,W 54 St & 9 Ave,40.76604,-73.98737
365,88e64257-298c-4b8d-8886-77b9b66dcec1,W 50 St & 10 Ave,40.764734200065185,-73.99194359779358
366,66dc73b0-0aca-11e7-82f6-3863bb44ef7c,W 47 St & 10 Ave,40.76269882,-73.99301222
367,66dc7de9-0aca-11e7-82f6-3863bb44ef7c,W 43 St & 10 Ave,40.76009437,-73.99461843
368,2c321ea3-e1dd-4d32-be70-bd158fe1f568,W 44 St & 11 Ave,40.762009,-73.996975
369,66dc79e6-0aca-11e7-82f6-3863bb44ef7c,W 46 St & 11 Ave,40.76341379,-73.99667444
370,66dc4334-0aca-11e7-82f6-3863bb44ef7c,W 53 St & 10 Ave,40.76669671,-73.99061728
371,66db237e-0aca-11e7-82f6-3863bb44ef7c,W 52 St & 11 Ave,40.76727216,-73.99392888
372,1f872052-38c4-4701-96c4-c363de51c2b5,W 54 St & 11 Ave,40.768333,-73.992573
373,66dc7cc3-0aca-11e7-82f6-3863bb44ef7c,W 56 St & 10 Ave,40.768254,-73.988639
374,66dc864c-0aca-11e7-82f6-3863bb44ef7c,11 Ave & W 59 St,40.77149671054441,-73.99046033620834
375,66dc0dab-0aca-11e7-82f6-3863bb44ef7c,W 59 St & 10 Ave,40.770513,-73.988038
376,1937777808143497236,Columbus Ave & W 59 St,40.76931,-73.98464
377,b94cc90e-9ca2-4471-8371-23be051e0157,7 Ave & Central Park South,40.7667405590595,-73.9790689945221
378,66dc9068-0aca-11e7-82f6-3863bb44ef7c,Central Park S & 6 Ave,40.76590936,-73.97634151
379,1964061627836181486,Central Park S & Grand Army Plaza,40.764555,-73.973473
380,1967778612889039234,E 61 St & Madison Ave,40.764752828526326,-73.97037800510203
381,1960020234227886806,3 Ave & E 62 St,40.76313,-73.96527
382,66dd4356-0aca-11e7-82f6-3863bb44ef7c,1 Ave & E 62 St,40.7612274,-73.96094022
383,66dca6f4-0aca-11e7-82f6-3863bb44ef7c,E 60 St & York Ave,40.759107,-73.959223
384,199ea9dd-8f7e-4e05-a730-55edaacd8787,E 63 St & 3 Ave,40.763954,-73.9646
385,66dd4051-0aca-11e7-82f6-3863bb44ef7c,5 Ave & E 63 St,40.766368,-73.971518
386,66de2707-0aca-11e7-82f6-3863bb44ef7c,E 65 St & 2 Ave,40.76471851944339,-73.96222069859505
387,66dd42eb-0aca-11e7-82f6-3863bb44ef7c,1 Ave & E 68 St,40.76500525,-73.95818491
388,66dd491c-0aca-11e7-82f6-3863bb44ef7c,E 72 St & York Ave,40.76663814,-73.95348296
389,66de2556-0aca-11e7-82f6-3863bb44ef7c,E 74 St & 1 Ave,40.7689738,-73.95482273
390,14391923-6727-4359-92e9-03e0b5094753,E 77 St & 1 Ave,40.77095553869235,-73.95356208096926
391,66dd470b-0aca-11e7-82f6-3863bb44ef7c,E 81 St & York Ave,40.7728384,-73.94989233
392,66de2201-0aca-11e7-82f6-3863bb44ef7c,E 82 St & East End Ave,40.7724607,-73.9468208
393,66dd4981-0aca-11e7-82f6-3863bb44ef7c,East End Ave & E 86 St,40.77518615,-73.94446054
394,66dde3b1-0aca-11e7-82f6-3863bb44ef7c,E 89 St & York Ave,40.7779453,-73.946041
395,66dded11-0aca-11e7-82f6-3863bb44ef7c,1 Ave & E 94 St,40.7817212,-73.94594
396,66ddef96-0aca-11e7-82f6-3863bb44ef7c,2 Ave & E 96 St,40.7839636,-73.9471673
397,66ddebce-0aca-11e7-82f6-3863bb44ef7c,E 97 St & 3 Ave,40.7859201,-73.94860294
398,66de10a8-0aca-11e7-82f6-3863bb44ef7c,2 Ave & E 99 St,40.7862586,-73.94552579
399,66de186f-0aca-11e7-82f6-3863bb44ef7c,E 102 St & 1 Ave,40.7869946,-73.94164802
400,66de4594-0aca-11e7-82f6-3863bb44ef7c,E 106 St & 1 Ave,40.7892529,-73.93956237
401,0b613329-b8c8-4b8c-ad40-79952aa41157,1 Ave & E 110 St,40.7923272,-73.9383
402,566935d6-4d66-4b42-9822-f2a816e357b9,E 114 St & 1 Ave,40.7945663,-73.9362541
403,1960021056359127624,Pleasant Ave & E 116 St,40.79499,-73.93333
404,20ff5447-eac3-43b7-820f-f6fa3a2e12a8,Pleasant Ave & E 120 St,40.7974772,-73.9311847
405,bb07a569-cc74-439e-b424-916c0304f136,2 Ave & E 125 St,40.802554,-73.933509
406,97bcf094-ad77-4743-9c94-832c7300c090,E 128 St & 3 Ave,40.805631,-73.934077
407,38975061-0d90-43a3-87c1-8905b374d5d9,Lexington Ave & E 128 St,40.806414,-73.936085
408,5f63411c-91ce-4788-a567-d388cc812a15,Lexington Ave & E 127 St,40.805726,-73.936322
409,66880044-5411-4143-af39-eaa0a0fd0528,Park Ave & E 124 St,40.8045555,-73.9396861
410,16a4effc-282e-4053-b47b-31f734d50c08,E 123 St & Lexington Ave,40.8029263,-73.9379
411,625711ba-3b5d-46a7-a8f9-7f4eb17ec1be,2 Ave & E 122 St,40.8006721,-73.9349
412,bacfe3c2-7946-45ed-91f9-f5b91791de75,Madison Ave & E 120 St,40.80295,-73.942954
413,d9bc0b3e-1af8-4cb6-a082-8ef1245ef329,Lexington Ave & E 120 St,40.8013066,-73.9398167
414,d3f51f51-7e51-4c75-8600-d76916608707,E 118 St & Madison Ave,40.8014866,-73.9442507
415,7a15d81b-357e-42e0-b208-93ffd562fd63,E 118 St & Park Ave,40.8005385,-73.9419949
416,e73cf71b-db05-44f9-b57a-689d65320d68,E 118 St & 3 Ave,40.799139,-73.9389152
417,1958457675193833900,1 Ave & E 118 St,40.797459,-73.934499
418,9b7e3b8b-97ef-4038-820c-7cd1c1a34fc7,E 116 St & 2 Ave,40.796879,-73.937261
419,b976906e-81c4-44c5-a160-e17815c0d47b,E 115 St & Madison Ave,40.7989445,-73.944846
420,bf317efc-13f1-42be-8243-373a29354033,E 115 St & Lexington Ave,40.797911,-73.9423
421,594b4656-9d83-4301-8967-3b92c126531c,3 Ave & E 112 St,40.795508,-73.941606
422,c05cd2e2-74e8-4526-a62b-d631e005fdd8,Lexington Ave & E 111 St,40.7954121,-73.9441232
423,1835618878584115330,3 Ave & E 109 St,40.79338,-73.94329
424,66de43a5-0aca-11e7-82f6-3863bb44ef7c,E 106 St & Madison Ave,40.7934337,-73.94945003
425,66de677e-0aca-11e7-82f6-3863bb44ef7c,E 106 St & Lexington Ave,40.791976,-73.945993
426,66de2131-0aca-11e7-82f6-3863bb44ef7c,5 Ave & E 103 St,40.7922553,-73.95249933
427,66de1f7f-0aca-11e7-82f6-3863bb44ef7c,E 102 St & Park Ave,40.7904828,-73.95033068
428,66de2a00-0aca-11e7-82f6-3863bb44ef7c,E 103 St & Lexington Ave,40.7903051,-73.94755757
429,1938139112487078732,E 103 St & 2 Ave,40.78864,-73.9436
430,66de13dc-0aca-11e7-82f6-3863bb44ef7c,Madison Ave & E 99 St,40.78948541553215,-73.95242929458618
431,66de0933-0aca-11e7-82f6-3863bb44ef7c,3 Ave & E 100 St,40.7877214,-73.94728331
432,66dde76a-0aca-11e7-82f6-3863bb44ef7c,E 98 St & Park Ave,40.78813,-73.95206
433,66de0dfd-0aca-11e7-82f6-3863bb44ef7c,E 97 St & Madison Ave,40.787801,-73.953559
434,66de0861-0aca-11e7-82f6-3863bb44ef7c,E 95 St & 3 Ave,40.7849032,-73.950503
435,1813395029173762108,E 94 St & Madison Ave,40.785851052913884,-73.95482444378061
436,66dde559-0aca-11e7-82f6-3863bb44ef7c,E 91 St & Park Ave,40.7835016,-73.955327
437,66dde630-0aca-11e7-82f6-3863bb44ef7c,E 93 St & 2 Ave,40.782454175279874,-73.9489196240902
438,66ddea2a-0aca-11e7-82f6-3863bb44ef7c,E 91 St & 2 Ave,40.781152764279156,-73.94963040947914
439,b9720921-8170-43ea-a5ae-b61b9161eb49,5 Ave & E 87 St,40.78232260730881,-73.95987510681152
440,66dde103-0aca-11e7-82f6-3863bb44ef7c,E 88 St & Park Ave,40.781410700190015,-73.95595908164978
441,66dde208-0aca-11e7-82f6-3863bb44ef7c,E 89 St & 3 Ave,40.7806284,-73.9521667
442,66dde2d9-0aca-11e7-82f6-3863bb44ef7c,E 88 St & 1 Ave,40.778301,-73.9488134
443,66dd46a2-0aca-11e7-82f6-3863bb44ef7c,E 85 St & York Ave,40.77536905,-73.94803392
444,66dd45c7-0aca-11e7-82f6-3863bb44ef7c,E 84 St & 1 Ave,40.77565541,-73.95068615
445,66dd455e-0aca-11e7-82f6-3863bb44ef7c,E 85 St & 3 Ave,40.77801203,-73.95407149
446,66dd448f-0aca-11e7-82f6-3863bb44ef7c,E 84 St & Park Ave,40.77862688,-73.95772073
447,66de1f17-0aca-11e7-82f6-3863bb44ef7c,Madison Ave & E 82 St,40.7781314,-73.96069399
448,66dd4423-0aca-11e7-82f6-3863bb44ef7c,E 81 St & Park Ave,40.77677702,-73.9590097
449,1884599469785421928,3 Ave & E 82 St,40.775744,-73.9563752
450,66ddb41c-0aca-11e7-82f6-3863bb44ef7c,E 80 St & 2 Ave,40.77391390238118,-73.9543953537941
451,66de2274-0aca-11e7-82f6-3863bb44ef7c,E 78 St & 2 Ave,40.7727966,-73.95577801
452,66dd3fc3-0aca-11e7-82f6-3863bb44ef7c,E 75 St & 3 Ave,40.77112927,-73.95772297
453,66dd4841-0aca-11e7-82f6-3863bb44ef7c,E 77 St & 3 Ave,40.77314236,-73.95856158
454,66de27da-0aca-11e7-82f6-3863bb44ef7c,E 76 St & Park Ave,40.773763,-73.96222088
455,66dd43bd-0aca-11e7-82f6-3863bb44ef7c,5 Ave & E 78 St,40.77632142182271,-73.96427392959595
456,66dd40dd-0aca-11e7-82f6-3863bb44ef7c,5 Ave & E 72 St,40.77282817,-73.96685276
457,66dd41ef-0aca-11e7-82f6-3863bb44ef7c,E 72 St & Park Ave,40.77118287540658,-73.96409422159195
458,66de269c-0aca-11e7-82f6-3863bb44ef7c,3 Ave & E 72 St,40.7699426,-73.96060712
459,e36b5913-8e46-4c2a-b9be-73bdf8ee548b,2 Ave & E 72 St,40.7687620293096,-73.95840793848038
460,1882824287789509296,3 Ave & E 71 St,40.76879,-73.9614
461,66dd3d7f-0aca-11e7-82f6-3863bb44ef7c,E 68 St & 3 Ave,40.76712840349542,-73.96224617958069
462,66dd9b0f-0aca-11e7-82f6-3863bb44ef7c,E 67 St & Park Ave,40.76780080148132,-73.96592080593109
463,66de1a1f-0aca-11e7-82f6-3863bb44ef7c,E 66 St & Madison Ave,40.76800889305947,-73.96845281124115
464,66de1bc3-0aca-11e7-82f6-3863bb44ef7c,E 68 St & Madison Ave,40.7691572,-73.96703464
465,72196024-6f2b-45cb-9764-609911c7dc0b,Broadway & W 61 St,40.77003010255044,-73.9819684624672
466,66dd49eb-0aca-11e7-82f6-3863bb44ef7c,W 63 St & Broadway,40.77163851,-73.98261428
467,2f656bc4-7743-4326-8330-a22bd41d9d17,West End Ave & W 60 St,40.77237,-73.99005
468,b0cc08dc-e7dd-48d1-8901-ba496f3ff2f5,W 64 St & Thelonious Monk Circle,40.77515953434235,-73.98918695747852
469,66dd51e6-0aca-11e7-82f6-3863bb44ef7c,Riverside Blvd & W 67 St,40.777507027547976,-73.98888587951659
470,66de1a8a-0aca-11e7-82f6-3863bb44ef7c,Amsterdam Ave & W 66 St,40.7746671,-73.98470567
471,66dd4a52-0aca-11e7-82f6-3863bb44ef7c,W 67 St & Broadway,40.77492513,-73.98266566
472,66dd4bf7-0aca-11e7-82f6-3863bb44ef7c,Central Park W & W 68 St,40.7734066,-73.97782542
473,66dd4ccc-0aca-11e7-82f6-3863bb44ef7c,Central Park W & W 72 St,40.77579376683666,-73.9762057363987
474,66dd4c5f-0aca-11e7-82f6-3863bb44ef7c,Columbus Ave & W 72 St,40.7770575,-73.97898475
475,66dd52c8-0aca-11e7-82f6-3863bb44ef7c,W 70 St & Amsterdam Ave,40.77748046,-73.98288594
476,66dd4d70-0aca-11e7-82f6-3863bb44ef7c,Riverside Dr & W 72 St,40.78057799010334,-73.98562431335449
477,66dd515d-0aca-11e7-82f6-3863bb44ef7c,W 74 St & Columbus Ave,40.7785669,-73.97754961
478,66dd4de9-0aca-11e7-82f6-3863bb44ef7c,Amsterdam Ave & W 73 St,40.77966809007312,-73.98093044757842
479,66dd5407-0aca-11e7-82f6-3863bb44ef7c,Riverside Dr & W 78 St,40.78414472,-73.98362492
480,66dd4b91-0aca-11e7-82f6-3863bb44ef7c,W 78 St & Broadway,40.78339981,-73.98093133
481,66de1c33-0aca-11e7-82f6-3863bb44ef7c,Amsterdam Ave & W 79 St,40.7829391,-73.9786517
482,66dd4b2b-0aca-11e7-82f6-3863bb44ef7c,W 76 St & Columbus Ave,40.7801839724239,-73.97728532552719
483,66dd4ac1-0aca-11e7-82f6-3863bb44ef7c,Central Park W & W 76 St,40.77896784,-73.97374737
484,66dd9213-0aca-11e7-82f6-3863bb44ef7c,W 82 St & Central Park W,40.78275,-73.97137
485,50575cba-95ac-4134-9da1-3eec8253afc4,Central Park W & W 85 St,40.78476,-73.969862
486,66dd4f31-0aca-11e7-82f6-3863bb44ef7c,W 84 St & Columbus Ave,40.78499979,-73.97283406
487,66dd4f9b-0aca-11e7-82f6-3863bb44ef7c,Amsterdam Ave & W 82 St,40.78524672,-73.97667321
488,1833865926273309136,W 84 St & Amsterdam Ave,40.78621,-73.9756
489,66dd4ec7-0aca-11e7-82f6-3863bb44ef7c,Riverside Dr & W 82 St,40.78720869,-73.98128127
490,66dde271-0aca-11e7-82f6-3863bb44ef7c,W 87 St & West End Ave,40.789622,-73.97757
491,66dde197-0aca-11e7-82f6-3863bb44ef7c,W 87 St & Amsterdam Ave,40.78839,-73.9747
492,66dde079-0aca-11e7-82f6-3863bb44ef7c,W 89 St & Columbus Ave,40.7882213,-73.97041561
493,a93cb1ec-fb37-4faf-a7e7-d1e5a9e9af95,Central Park W & W 91 St,40.788664991278836,-73.96680057048798
494,2143247416766638978,W 94 St & Central Park W,40.790431,-73.965894
495,66dde845-0aca-11e7-82f6-3863bb44ef7c,Columbus Ave & W 95 St,40.7919557,-73.968087
496,1960019951675478680,W 90 St & Amsterdam Ave,40.79018,-73.97289
497,66dde4ef-0aca-11e7-82f6-3863bb44ef7c,W 92 St & Broadway,40.7921,-73.9739
498,66de871c-0aca-11e7-82f6-3863bb44ef7c,Riverside Dr & W 91 St,40.79313480986663,-73.97700369358063
499,66ddeaff-0aca-11e7-82f6-3863bb44ef7c,West End Ave & W 94 St,40.7941654,-73.974124
500,66ddede1-0aca-11e7-82f6-3863bb44ef7c,W 95 St & Broadway,40.7937704,-73.971888
501,50e05a9f-dce6-4315-a10d-1fa786fc18ee,Central Park W & W 97 St,40.79249519495111,-73.96417066463071
502,66de099d-0aca-11e7-82f6-3863bb44ef7c,W 100 St & Manhattan Ave,40.795,-73.9645
503,7d41ac98-df88-497a-aef9-968660e6da0f,Central Park W & W 103 St,40.79558954105342,-73.96188408136368
504,66dde8ac-0aca-11e7-82f6-3863bb44ef7c,Columbus Ave & W 103 St,40.7969347,-73.9643412291
505,66de17f7-0aca-11e7-82f6-3863bb44ef7c,W 100 St & Broadway,40.7973721,-73.97041192
506,ab5585c8-c2cf-4bab-96cf-d02eced4f6e3,W 104 St & Amsterdam Ave,40.799041392882984,-73.96649479866028
507,66de1af4-0aca-11e7-82f6-3863bb44ef7c,W 106 St & Amsterdam Ave,40.8008363,-73.9664492472
508,66de0bcb-0aca-11e7-82f6-3863bb44ef7c,Riverside Dr & W 104 St,40.8013434,-73.9711457439
509,66de20c8-0aca-11e7-82f6-3863bb44ef7c,West End Ave & W 107 St,40.8021174,-73.9681805305
510,66de12ff-0aca-11e7-82f6-3863bb44ef7c,W 107 St & Columbus Ave,40.7997568,-73.9621128676
511,66de077f-0aca-11e7-82f6-3863bb44ef7c,W 106 St & Central Park W,40.7981856,-73.9605909006
512,0f51cb84-e386-44ac-947f-a969f7617d17,W 111 St & 5 Ave,40.797520781247556,-73.9489397406578
513,0e003543-3656-448f-8a93-029d265f2e26,Lenox Ave & W 111 St,40.7987859,-73.9523
514,66de2625-0aca-11e7-82f6-3863bb44ef7c,Central Park North & Adam Clayton Powell Blvd,40.799484,-73.955613
515,46bdd925-fb6c-4654-85d8-e0db4da62abf,Frederick Douglass Blvd & W 112 St,40.801694,-73.957145
516,4d79bdb9-7c35-4d35-9f6e-3c1b849c453a,W 110 St & Amsterdam Ave,40.802692,-73.96295
517,66de3fde-0aca-11e7-82f6-3863bb44ef7c,Cathedral Pkwy & Broadway,40.804213,-73.96699104
518,5b4a90b8-426d-4a40-a7ca-87e51d690883,W 113 St & Broadway,40.805973,-73.964928
519,8e631be4-1e0c-4627-a261-18f0003d0ba2,W 116 St & Broadway,40.8082,-73.9641
520,7efcb97f-6c8f-4445-86a9-3f758a822f17,W 116 St & Amsterdam Ave,40.8067581,-73.9607082
521,ca4e4962-2169-4559-8f60-b05ab7809750,Frederick Douglass Blvd & W 115 St,40.8038654,-73.9559308
522,760ebaea-f7c7-45ad-aa3b-395d97adcf8f,Adam Clayton Powell Blvd & W 115 St,40.802535,-73.9532423
523,897e8739-ee1d-4b2e-b151-ad7e64e87697,Lenox Ave & W 115 St,40.8011939,-73.9500739
524,dc8223ad-4108-40a8-9ff5-35e8490b4077,Lenox Ave & W 117 St,40.8025566,-73.9490782
525,668ef22c-4665-4f42-bf6a-ab9e8a2899b1,Mt Morris Park W & W 120 St,40.804038,-73.945925
526,1d130e43-0408-4423-bb52-77a08372cefa,5 Ave & W 126 St,40.80722,-73.9418
527,c63a83a0-bda1-40a6-835b-f82c363543b9,E 128 St & Madison Ave,40.80756,-73.939182
528,1ec7ef9f-ab60-4a64-821d-883ba547273a,E 132 St & Madison Ave,40.810224,-73.937195
529,4780d9d1-b886-4e72-9d18-cb152f73e10a,5 Ave & W 139 St,40.815484,-73.935856
530,a4d041fd-c5fa-4f52-800c-25d7a661a875,E 138 St & 5 Ave,40.81449,-73.936153
531,023127f2-a6e0-4fae-ba34-178acccb993e,5 Ave & E 135 St,40.812191,-73.937838
532,dad39e68-53f5-47c2-87e2-b1cc0e34f90f,5 Ave & W 131 St,40.81014,-73.93973
533,7e36cd9b-b271-42e5-b344-b7a3771c795e,Lenox Ave & W 126 St,40.808442,-73.9452087
534,138094a0-cd7d-4014-9b21-4fb2afd3980e,Adam Clayton Powell Blvd & W 118 St,40.804372,-73.951475
535,b55f9b55-7fa7-4f0f-9732-78cbe07452e1,Adam Clayton Powell Blvd & W 123 St,40.8078316,-73.949373
536,18eccc71-66be-4e4c-8335-095a9bf0df94,Adam Clayton Powell Blvd & W 126 St,40.809495347779475,-73.94776493310928
537,14f928c6-9a51-40a2-b7e6-a74e8b351dbf,Lenox Ave & W 130 St,40.8107922,-73.9430681
538,b7d7543b-74ac-4a48-a3c4-412f9ffbc727,Lenox Ave & W 133 St,40.81296,-73.941878
539,ecb2eebe-67c0-43b8-baae-71abb1a0ec6a,W 135 St & Lenox Terrace Pl,40.813619,-73.939336
540,bd1760ad-3af3-4ede-9bd7-c8fbf46d7192,Lenox Ave & W 140 St,40.817245,-73.938787
541,fe65853e-b20a-4250-9677-2aa177283b72,Lenox Ave & W 144 St,40.819783,-73.936521
542,b0bac4ef-bb57-4598-a433-75c281170d5b,Lenox Ave & W 146 St,40.821111,-73.935971
543,1b962833-d769-418e-b1ef-5a183bb5eb1a,Adam Clayton Powell Blvd & W 151 St,40.825289,-73.936232
544,0b94cc1e-2327-4679-99d9-3b21ddc02051,Macombs Pl & W 152 St,40.826406,-73.937948
545,298d4e45-c6d2-45f1-a07a-11606026a6e4,W 147 St & Adam Clayton Powell Blvd,40.82281,-73.937413
546,1064b4b0-e9c8-4139-ac48-f118305dbe69,W 144 St & Adam Clayton Powell Blvd,40.820877,-73.939249
547,d0b87aa7-7e19-40d2-8f7d-6a622e6ac391,Adam Clayton Powell Blvd & W 141 St,40.819241,-73.941057
548,65a1b09d-560d-46bf-8f5d-7f59471a587e,Adam Clayton Powell Blvd & W 138 St,40.81695971032464,-73.9422959089279
549,01839a78-f228-4706-8f7f-147b857492f2,Adam Clayton Powell Blvd & W 132 St,40.813539,-73.94521
550,b79bb851-130f-473d-83fc-f602aa0a4ca9,Adam Clayton Powell Blvd & W 130 St,40.812346,-73.946168
551,bfea6c5b-2e1a-42c5-8199-2ded6042d57b,Frederick Douglass Blvd & W 129 St,40.8125511,-73.9492286
552,dd8627c8-4190-4a30-8758-e77a7b010437,St Nicholas Ave & W 126 St,40.8114323,-73.9518776
553,dccaeeb5-c53a-4f48-80e6-05675b71a8c8,St Nicholas Ave & Manhattan Ave,40.809725,-73.953149
554,0f6fd186-656a-41b3-ba4a-456d22da177c,Frederick Douglass Blvd & W 117 St,40.805159,-73.954692
555,1b00fb53-da32-4b14-9a9a-84a391c8951c,Amsterdam Ave & W 119 St,40.8086249,-73.9596214
556,bb32aad7-8308-4ff8-b073-d5b518ffdd09,W 120 St & Claremont Ave,40.8109494,-73.9634
557,32d3adc3-c3dd-4a97-a4db-95d467f3c3aa,Broadway & W 122 St,40.8120562,-73.9612547
558,d80c274e-d17d-4a00-9b76-274c9fe4d0e1,Morningside Dr & Amsterdam Ave,40.81028506306003,-73.95736455917358
559,23539f3b-fb83-4f34-b8b8-9f1f37b5e646,Morningside Ave & W 123 St,40.81,-73.9551508
560,7f8cb36a-2bf4-4d57-afbd-331310f25355,Amsterdam Ave & W 125 St,40.813358,-73.956461
561,bc5235a5-7f10-4a27-806e-9c25fa700959,Broadway & Moylan Pl,40.8143256,-73.9590255
562,f15ccc6e-5a7c-46e7-b505-0bfc9cae3d83,W 129 St & Convent Ave,40.814394437915816,-73.95324736833572
563,324e55da-fec0-43a2-b622-27774381ab7f,Amsterdam Ave & W 131 St,40.816355,-73.954295
564,26599393-b967-44a6-a998-cb72ca53cd9e,Broadway & W 131 St,40.817555,-73.957163
565,eab2749b-2f79-4797-a0a6-0579b27e6929,12 Ave & W 125 St,40.818299,-73.960405
566,22ab59a8-0af4-4101-9350-a7af88e37c2e,W 133 St & 12 Ave,40.820003,-73.959089
567,a1112e04-bc50-4782-b3d6-bb5902c0e8db,Broadway & W 133 St,40.8190344,-73.956156
568,16280b32-7e5b-4a18-930b-212eac10faaa,Old Broadway & W 133 St,40.818212,-73.955277
569,648e09b6-95c2-40d3-9dac-a43f22eccf38,St Nicholas Ave & W 134 St,40.816234,-73.948222
570,44fa161f-eb62-459b-b53e-da83788cfa2a,Convent Ave & W 135 St,40.818215,-73.950988
571,b371c432-b682-412f-9b85-8df84ce7a9f3,St Nicholas Ave & W 137 St,40.818477,-73.947568
572,dad3b7df-ec40-4d54-bfdb-5e82be84d742,Frederick Douglass Blvd & W 139 St,40.81900581806558,-73.94476890563965
573,bc512527-7863-48d5-aea8-3de470abc1ee,Edgecombe Ave & W 141 St,40.820681,-73.945144
574,2cd651e7-1e3a-4cd9-8fd1-a2416e032f6e,St Nicholas Terrace & Convent Ave,40.821294,-73.947868
575,7f6674c4-5568-4766-b172-0385348ae184,Amsterdam Ave & W 136 St,40.819746,-73.951819
576,563389a0-d90f-4155-9c50-528459df26aa,Broadway & W 138 St,40.82182,-73.95353
577,c8060816-b4aa-4fd9-bc66-af28bf61dc87,Hamilton Pl & W 140 St,40.822756,-73.951346
578,01a1343d-9c7b-4a83-8a5a-a600187f19c4,Riverside Dr & W 138 St,40.823168,-73.955857
579,fe6f022b-7fdb-44fe-80bb-cbfc500959bf,W 140 St & Riverside Dr,40.824013,-73.954743
580,9c1c3499-1b11-471f-b59a-87d9e27e15c5,Broadway & W 142 St,40.824686,-73.951947
581,ccaadb70-6c87-4ccc-9914-a3167bd1bc0e,Riverside Dr & W 145 St,40.827305,-73.951989
582,4f814d78-5d8d-458b-877e-2ca449b865be,Riverside Dr & W 148 St,40.829114,-73.950426
583,1d8e51b0-8131-4c1f-93fb-f04952c157c0,W 146 St & Broadway,40.826969,-73.949738
584,bb0ce308-e5d9-48c7-9f4b-cf0120f2c39a,W 145 St & Amsterdam Ave,40.825244,-73.947257
585,0ddb965d-95ef-4ce3-bde6-81a56ac1fbd2,Edgecombe Ave & W 145 St,40.823498,-73.94386
586,943be327-0320-4ae1-8eb0-8a56f86a4fb6,Frederick Douglass Blvd & W 145 St,40.823061,-73.941928
587,c229f0ca-bdd1-4aa0-8906-a3e809e12889,Bradhurst Ave & W 148 St,40.825125,-73.941616
588,361dd964-db79-47dd-b044-eac88c735249,Edgecombe Ave & W 150 St,40.826881,-73.941427
589,8f1fdf4b-ecca-4f03-b04c-e10fe596e2c7,St Nicholas Ave & W 150 St,40.827212,-73.942722
590,54df610f-0e47-4958-98ca-37bb1b1c4dca,Convent Ave & W 151 St,40.82831,-73.942924
591,85b77b8d-32b8-4049-a407-64319916e2c5,Amsterdam Ave & W 152 St,40.829523,-73.944279
592,3134c2d4-b090-4eb8-ab44-6f9622098f72,W 148 St & Amsterdam Ave,40.827075,-73.945909
593,ab79da3d-f92a-42de-a76d-e05b5d7e724c,Broadway & W 153 St,40.831327,-73.946665
594,4aa6bb27-b76b-444e-a3ce-6fb25b822494,Riverside Dr & W 153 St,40.832164,-73.949702
595,1929513834381415014,Riverside Dr E & W 155 St,40.834097985815255,-73.94834974194816
596,1859438049977968878,Broadway & W 157 St,40.83402740143528,-73.94510813442648
597,058ee86d-ce2a-4597-99f7-f78f082b33e3,St Nicholas Ave & W 157 St,40.832314,-73.94102
598,26217b73-7bb5-46e6-8094-1db05becd617,Amsterdam Ave & W 156 St,40.832081,-73.942386
599,f6c33f22-d650-4935-a928-fb693a828b5f,St Nicholas Ave & W 155 St,40.830663,-73.941323
600,676b7b4d-b1c0-4c97-8ac3-5fe665e51108,Harlem River Dr & W 155 St,40.830476,-73.939929
601,0183d7d4-9e11-4429-94db-666a31239871,W 155 St & Frederick Douglass Blvd,40.82923,-73.936996
602,ce95fbdd-b7d2-46fc-910d-5c170e4b7610,Frederick Douglass Blvd & Harlem River Dr,40.830702,-73.936371
603,c6c10756-ef41-491a-8e6c-ee0aa27b8cbe,W 159 St & Edgecombe Ave,40.833303,-73.939326
604,b83b2a73-af8e-4b82-b61e-aeaaf075fbe2,W 160 St & St Nicholas Ave,40.834468,-73.939865
605,36aaebb9-ef10-41a5-b20b-753bf8a3fed8,W 163 St & Edgecombe Ave,40.835798,-73.937496
606,bc9c9006-3d40-400d-8b5c-17f56e6dfcee,Amsterdam Ave & W 162 St,40.83618,-73.939789
607,344b52b0-73a9-4fe3-9132-23d0502dc0ae,Broadway & W 160 St,40.835775,-73.9434
608,1927314940904608224,W 160 St & Riverside Dr,40.83719,-73.9466
609,59af018a-2ee9-489a-b445-bb6fba9c1119,W 163 St & Riverside Dr,40.839278,-73.945446
610,95a52ce4-3597-47d1-8d6f-427cb3b8ca6a,W 165 St & Fort Washington Ave,40.84004,-73.942939
611,912813fc-fde4-4430-8443-a4fa21477e7f,Broadway & W 165 St,40.839137,-73.941409
612,5dc8ddac-979e-4ae5-b879-3670cca7482d,Edgecombe Ave & W 167 St,40.838191,-73.936085
613,5adcaaaf-5386-441d-827c-8d65c4f4405e,Amsterdam Ave & W 167 St,40.839443,-73.937044
614,9e014047-d675-418b-a03c-84d974a25134,Broadway & W 168 St,40.84089603193041,-73.93972098827362
615,7d455e9a-20b4-4b03-8248-0d982fdfa21b,W 168 St & Fort Washington Ave,40.84210236102173,-73.9422395825386
616,d73e26de-8534-4b46-a321-3cae295ef9b2,W 171 St & St Nicholas Ave,40.842941,-73.938631
617,3c73cc9f-3c09-4ac4-a4ea-22b4f027bf23,Amsterdam Ave & W 172 St,40.842173,-73.935111
618,18a2cbb6-91f2-4393-82fb-b40a8ba90f20,Amsterdam Ave & W 175 St,40.844044,-73.933651
619,3bf69f3e-23f6-4abe-b5fe-dabe6b0ea066,Wadsworth Ave & W 175 St,40.846052,-73.937648
620,6b60bf55-3da4-439a-bde1-fc80be8623ba,Fort Washington Ave & W 173 St,40.84522,-73.940493
621,61bc2467-aa8c-4386-ba9e-3f01120bd6b8,Cabrini Blvd & W 177 St,40.848282,-73.941343
622,d4c34830-972f-4cd1-81bb-071df209d065,W 181 St & Riverside Dr,40.85168,-73.94186
623,c9c09ed0-0a52-4d6a-a999-b0848874e51f,Fort Washington Ave & W 183 St,40.852252,-73.937854
624,2436e886-dc53-47cb-8733-d663f9dcd922,W 180 St & Fort Washington Ave,40.849972,-73.938423
625,774c5443-d463-42b3-bfc5-b0ab3c56fe35,Wadsworth Ave & W 179 St,40.848467,-73.936064
626,08b9c491-a589-4e75-996c-2455c26fb356,Audubon Ave & W 179 St,40.847305,-73.933291
627,ceb179f3-89c3-4c3e-8a0a-3415406a9463,Amsterdam Ave & W 180 St,40.847396,-73.931205
628,6a52ceae-3b97-487a-9438-de844bfbf1c2,Amsterdam Ave & W 183 St,40.84925,-73.93022
629,d45b62b9-7d6b-43b2-bf1e-2c898c55dfd2,Amsterdam Ave & W 186 St,40.851113,-73.928808
630,e35494b4-5811-4d2a-87de-4430e56bce2d,Amsterdam Ave & W 189 St,40.85318758861975,-73.92715752124786
631,c829b6af-002b-4d04-af56-6924d4ad0aa2,W 190 St & St Nicholas Ave,40.854788,-73.929513
632,0df3a035-5a38-4ec2-826a-0a5376e8d8a0,W 186 St & St Nicholas Ave,40.852253,-73.931308
633,d8e02e7b-632b-4fbe-95b9-80efa47473e3,Broadway & W 185 St,40.852538,-73.93441
634,b4974d89-932c-4a9f-a264-2ea0cf70613e,Pinehurst Ave & W 187 St,40.855331,-73.937878
635,24509e46-a0de-47e8-ba40-9441da68952a,Fort Washington Ave & W 190 St,40.856906,-73.935662
636,8d650b03-920d-4d44-a48f-8d9a1a0ba264,W 190 St & Broadway,40.85648733523576,-73.93296986818314
637,2546c9b9-5b1a-4e9f-a9cc-f8b986b79748,Broadway & W 192 St,40.857994,-73.932173
638,dc34ba4c-d8e5-4674-a02e-210c950c05c1,Margaret Corbin Plz & Ft Washington Ave,40.859166,-73.933872
639,c0df5c09-2c07-4689-9fe8-36ed81301d7d,Audubon Ave & Fort George Ave,40.85715781391904,-73.92717361450195
640,c9cd8c29-7f0b-4979-9a0e-bec4613d2600,Audubon Ave & W 192 St,40.85589030603889,-73.92708241939545
641,f0115d11-c678-4274-8bb7-d486dbb63361,Dyckman St & 10 Ave,40.85890447538412,-73.9230939745903
642,3d68a3fd-91da-49e8-9cd5-69b333863789,Nagle Ave & Ellwood St,40.86012,-73.928489
643,579e583e-60ab-4f2a-83d0-fabebddfcd0f,Broadway & Ellwood St,40.862058,-73.929719
644,18d980e5-ba08-4bc3-832e-03eb71865768,Riverside Dr & Broadway,40.865364,-73.92791
645,59b747c1-fbfb-4a3d-9394-8d06834d7c98,Sherman Ave & Thayer St,40.863124,-73.926994
646,a33a2d11-33a5-46ad-a086-5698ac17b7b4,Nagle Ave & Thayer St,40.861382,-73.925591
647,e1a3f2f9-618f-4727-b2d6-676e02aadf17,10 Ave & W 202 St,40.861281970750994,-73.921417593956
648,fbaffdbd-dab5-4127-9bd5-36bf58093ea8,9 Ave & W 204 St,40.86169883507865,-73.91855701804161
649,a5bd1f58-7df8-4df6-9636-372f1bc194be,10 Ave & W 207 St,40.864632,-73.918598
650,99b7c9a5-9679-417f-b884-21c4b240aa99,10 Ave & W 204 St,40.862638,-73.92006
651,23bc4d9b-1ec2-45fb-9228-e41517346b24,Academy St & Nagle Ave,40.862562,-73.922661
652,0e82ab9f-8c93-4302-b9df-342f8135a05c,W 204 St & Nagle Ave,40.863211,-73.920827
653,3c21925c-d68e-497c-b501-982d3eb3e852,W 204 St & Vermilyea Ave,40.866141,-73.922648
654,4f57360d-a4cb-4568-b74a-f3086ccaee2e,Seaman Ave & Beak St,40.867505,-73.926363
655,89ff4db3-8a29-4565-a366-6fea4b3afc39,Dyckman St & Henshaw St,40.867357,-73.92936
656,53ef19c6-eaa7-47f7-807e-f51b574b1be0,Dyckman St & Staff St,40.868846,-73.931537
657,8456b63c-37c6-49a6-8c02-bb6dcfc35041,Seaman Ave & Isham St,40.869898661940454,-73.92076313495636
658,943a1a27-1328-4823-8945-28d845280383,Isham St & Broadway,40.86788,-73.919685
659,f8c242cd-da59-4f0e-afd6-832bbdd7d328,W 211 St & 10 Ave,40.86709406268147,-73.9172950387001
660,158e7752-27e2-4912-be0b-eb15405aa096,10 Ave & W 215 St,40.86932465640094,-73.91519755125046
661,3c6c0d12-80dd-4c49-b7c5-e3549588b8cf,W 218 St & Broadway,40.87139,-73.914318
662,28a2436d-a52b-4fa4-874c-e096012a926d,9 Ave & W 219 St,40.871094,-73.911503
663,6bc5598a-9eb8-44d2-adc0-d93b93af1924,Broadway & W 220 St,40.872412,-73.912807
664,30d6520e-b612-4240-a9ff-eec12b02b263,W 218 St & Indian Rd,40.873054589370895,-73.91837194561958
